Year,Country,Value_Bn
2010,Afghanistan,0.14365214
2010,Albania,6.684699999999999e-05
2010,Algeria,1.891960767
2010,American Samoa,0.000334775
2010,Andorra,7.113e-06
2010,Angola,4.838456716
2010,Anguila,7.07e-06
2010,Antarctica,5.7232e-05
2010,Antigua and Barbuda,0.015828311
2010,Argentina,1.038824669
2010,Armenia,0.006406379
2010,Aruba,0.0
2010,Australia,12.061235451
2010,Austria,0.784124577
2010,Azerbaijan,0.32661103
2010,"Bahamas, The",0.00056427
2010,Bahrain,0.6637560450000001
2010,Bangladesh,0.35789626799999996
2010,Barbados,0.000121856
2010,Belarus,0.19675472700000002
2010,Belgium,7.445630025000001
2010,Belgium-Luxembourg,0.0
2010,Belize,0.0005151699999999999
2010,Benin,0.139874223
2010,Bermuda,8.215900000000001e-05
2010,Bhutan,0.185690284
2010,Bolivia,0.005871828999999999
2010,Bosnia and Herzegovina,0.001116507
2010,Botswana,0.026424705000000003
2010,Brazil,3.2209882629999997
2010,British Virgin Islands,0.000678817
2010,Brunei,0.207130375
2010,Bulgaria,0.051721915
2010,Burkina Faso,0.003227205
2010,Burundi,0.00021918100000000001
2010,Cambodia,0.007638321
2010,Cameroon,0.20961558900000002
2010,Canada,2.06595935
2010,Cape Verde,0.00156383
2010,Cayman Islands,2.5696000000000003e-05
2010,Central African Republic,0.000956308
2010,Chad,0.0005570320000000001
2010,Chile,1.566843576
2010,China,41.249115786
2010,Christmas Island,0.00013874000000000002
2010,Cocos (Keeling) Islands,2.7506e-05
2010,Colombia,0.7655999080000001
2010,Comoros,0.008153738
2010,"Congo, Dem. Rep.",0.011910195
2010,"Congo, Rep.",0.6452356090000001
2010,Cook Islands,8.0424e-05
2010,Costa Rica,0.10232021499999999
2010,Cote d'Ivoire,0.261877698
2010,Croatia,0.04319375
2010,Cuba,0.0010730660000000001
2010,Curaçao,0.0
2010,Cyprus,0.019203633
2010,Czech Republic,0.622178558
2010,Czechoslovakia,0.0
2010,Denmark,0.440918205
2010,Djibouti,0.0018770999999999998
2010,Dominica,0.000157076
2010,Dominican Republic,0.015367267
2010,East Asia & Pacific,109.871811279
2010,East Timor,0.0009193550000000001
2010,Ecuador,0.166543728
2010,"Egypt, Arab Rep.",1.4102472069999998
2010,El Salvador,0.005034549
2010,Equatorial Guinea,0.126078542
2010,Eritrea,0.000544972
2010,Estonia,0.042051625
2010,Eswatini,0.099324459
2010,Ethiopia(excludes Eritrea),0.028587761
2010,Ethiopia(includes Eritrea),0.0
2010,Europe & Central Asia,72.02527958
2010,Faeroe Islands,0.0072704219999999995
2010,Falkland Island,0.001434635
2010,Fiji,0.002111141
2010,Finland,1.392681472
2010,Fm Sudan,0.64126318
2010,Fr. So. Ant. Tr,0.0
2010,France,3.820409234
2010,French Polynesia,1.0857e-05
2010,Gabon,0.320171183
2010,"Gambia, The",0.014717056000000001
2010,Georgia,0.028317242
2010,German Democratic Republic,0.0
2010,Germany,11.444687268
2010,Ghana,0.156601302
2010,Gibraltar,0.011786940000000001
2010,Greece,0.089528128
2010,Greenland,3.8070999999999995e-05
2010,Grenada,5.7598e-05
2010,Guam,2.9875e-05
2010,Guatemala,0.039200993999999996
2010,Guinea,0.359514343
2010,Guinea-Bissau,0.131972901
2010,Guyana,0.011095456
2010,Haiti,0.001310271
2010,Heard Island and McDonald Isla,4e-09
2010,Holy See,0.0
2010,Honduras,0.022488125
2010,"Hong Kong, China",7.772479052
2010,Hungary,0.32803155
2010,Iceland,0.004284744
2010,Indonesia,9.69532924
2010,"Iran, Islamic Rep.",11.078291745
2010,Iraq,7.291522667000001
2010,Ireland,0.240242758
2010,Israel,2.038064323
2010,Italy,4.305811247
2010,Jamaica,0.000640254
2010,Japan,8.265086224000001
2010,Jordan,0.821609251
2010,Kazakhstan,0.157499588
2010,Kenya,0.10917836199999999
2010,Kiribati,0.00044295
2010,"Korea, Dem. Rep.",0.146751275
2010,"Korea, Rep.",9.922318151
2010,Kuwait,9.021917765000001
2010,Kyrgyz Republic,0.001031631
2010,Lao PDR,0.020117157
2010,Latin America & Caribbean,13.556983393
2010,Latvia,0.171262653
2010,Lebanon,0.018473009
2010,Lesotho,0.001543497
2010,Liberia,0.017578544999999998
2010,Libya,0.7807032589999999
2010,Lithuania,0.125639373
2010,Luxembourg,0.037333673000000005
2010,Macao,0.00026060700000000005
2010,Madagascar,0.020642591000000002
2010,Malawi,0.033591175
2010,Malaysia,5.995904362
2010,Maldives,0.031921095000000003
2010,Mali,0.003109389
2010,Malta,0.034622474
2010,Marshall Islands,4.9011e-05
2010,Martinique,0.0
2010,Mauritania,0.001721181
2010,Mauritius,0.015977924
2010,Mexico,0.983249811
2010,"Micronesia, Fed. Sts.",0.0
2010,Middle East & North Africa,99.58492993700001
2010,Moldova,0.000111821
2010,Mongolia,0.0020963649999999998
2010,Montenegro,0.0
2010,Montserrat,2.6640000000000002e-06
2010,Morocco,0.8666191139999999
2010,Mozambique,0.086736461
2010,Myanmar,1.1221471710000002
2010,Namibia,0.034679644
2010,Nauru,0.0070972150000000005
2010,Nepal,0.505696588
2010,Netherlands,2.022700407
2010,Netherlands Antilles,0.000989715
2010,New Caledonia,0.006483424
2010,New Zealand,0.6513708760000001
2010,Nicaragua,0.0007599249999999999
2010,Niger,0.010656094
2010,Nigeria,10.257572210000001
2010,Niue,6.730000000000001e-07
2010,Norfolk Island,0.000288254
2010,North America,21.162328458
2010,North Macedonia,0.0026114389999999997
2010,Northern Mariana Islands,0.000164726
2010,Norway,0.946524519
2010,Occ.Pal.Terr,0.0
2010,Oman,3.622555856
2010,Pakistan,0.32072602100000003
2010,Palau,0.0
2010,Panama,0.28386843900000003
2010,Papua New Guinea,0.150058962
2010,Paraguay,0.005313518
2010,Peru,0.21160539
2010,Philippines,0.394450167
2010,Pitcairn,0.0
2010,Poland,0.397126429
2010,Portugal,0.075793971
2010,Qatar,6.141784086
2010,Romania,0.202147538
2010,Russian Federation,3.5915531880000002
2010,Rwanda,0.00019596700000000002
2010,Saint Helena,0.00022043199999999998
2010,Saint Pierre and Miquelon,8.848e-06
2010,Samoa,0.000121843
2010,San Marino,0.0
2010,Sao Tome and Principe,5.1765e-05
2010,Saudi Arabia,20.374084439
2010,Senegal,0.183610239
2010,"Serbia, FR(Serbia/Montenegro)",0.0028074209999999996
2010,Seychelles,0.008883677999999999
2010,Sierra Leone,0.006936627999999999
2010,Singapore,7.263136243
2010,Slovak Republic,0.07313814599999999
2010,Slovenia,0.110927153
2010,Solomon Islands,5.991e-06
2010,Somalia,0.00917128
2010,South Africa,6.912186414
2010,South Asia,2.063704449
2010,South Sudan,0.0
2010,Soviet Union,0.0
2010,Spain,1.4297651569999998
2010,Sri Lanka,0.518122053
2010,St. Kitts and Nevis,0.0
2010,St. Lucia,0.00022753999999999998
2010,St. Vincent and the Grenadines,4.668e-06
2010,Sub-Saharan Africa,26.185984788
2010,Sudan,0.0
2010,Suriname,0.0007073110000000001
2010,Sweden,1.469486385
2010,Switzerland,22.197741289
2010,Syrian Arab Republic,0.089230159
2010,Tajikistan,0.022411083999999998
2010,Tanzania,0.283100745
2010,Thailand,3.940818604
2010,Togo,0.087989238
2010,Tokelau,1.4169000000000001e-05
2010,Tonga,0.000110953
2010,Trinidad and Tobago,0.080018814
2010,Tunisia,0.30293541700000004
2010,Turkey,0.795424679
2010,Turkmenistan,0.012781396
2010,Turks and Caicos Isl.,5.612e-05
2010,Tuvalu,0.0
2010,Uganda,0.013128337
2010,Ukraine,1.347269031
2010,United Arab Emirates,30.907471834
2010,United Kingdom,5.16681684
2010,United States,19.096286949
2010,United States Minor Outlying I,0.0
2010,Unspecified,1.920195114
2010,Uruguay,0.017363119
2010,Us Msc.Pac.I,0.0
2010,Uzbekistan,0.024087742
2010,Vanuatu,7.0036e-05
2010,Venezuela,4.993336591
2010,Vietnam,0.993511953
2010,Wallis and Futura Isl.,3.847e-06
2010,Yemen,2.22720342
2010,Yemen Democratic,0.0
2010,"Yugoslavia,FR(Serbia/Montenegr",0.0
2010,Zambia,0.048427459000000006
2010,Zimbabwe,0.012468236999999998
2011,Afghanistan,0.120110694
2011,Albania,0.088086248
2011,Algeria,1.949986245
2011,American Samoa,0.001370034
2011,Andorra,3.4052e-05
2011,Angola,6.005484849
2011,Anguila,0.00013098500000000002
2011,Antarctica,0.000834454
2011,Antigua and Barbuda,0.000147709
2011,Argentina,1.097006608
2011,Armenia,0.006912792
2011,Aruba,0.001886196
2011,Australia,13.416619050000001
2011,Austria,1.027645678
2011,Azerbaijan,0.479234024
2011,"Bahamas, The",0.0071510540000000004
2011,Bahrain,0.6837826060000001
2011,Bangladesh,0.579125451
2011,Barbados,0.000834564
2011,Belarus,0.119119745
2011,Belgium,10.349754177
2011,Belgium-Luxembourg,0.0
2011,Belize,0.000103148
2011,Benin,0.280725605
2011,Bermuda,1.7799999999999998e-07
2011,Bhutan,0.205678289
2011,Bolivia,0.005408698
2011,Bosnia and Herzegovina,0.034127839
2011,Botswana,0.036865175
2011,Brazil,3.735150796
2011,British Virgin Islands,0.000579582
2011,Brunei,0.704926862
2011,Bulgaria,0.09748302
2011,Burkina Faso,0.019868205000000003
2011,Burundi,0.000735798
2011,Cambodia,0.008407363999999999
2011,Cameroon,0.322591781
2011,Canada,2.29710202
2011,Cape Verde,0.002790084
2011,Cayman Islands,2.451e-06
2011,Central African Republic,0.001967469
2011,Chad,0.000154284
2011,Chile,1.829047013
2011,China,55.483025358999996
2011,Christmas Island,1.9265e-05
2011,Cocos (Keeling) Islands,0.047527841
2011,Colombia,0.713424626
2011,Comoros,0.002616494
2011,"Congo, Dem. Rep.",0.006013895
2011,"Congo, Rep.",0.109569015
2011,Cook Islands,3.7013e-05
2011,Costa Rica,0.159735922
2011,Cote d'Ivoire,0.418974423
2011,Croatia,0.029899043
2011,Cuba,0.00330078
2011,Curaçao,0.052043133
2011,Cyprus,0.021998916
2011,Czech Republic,0.72709097
2011,Czechoslovakia,0.0
2011,Denmark,0.596494446
2011,Djibouti,0.0019278540000000001
2011,Dominica,0.00042323700000000003
2011,Dominican Republic,0.008358254999999998
2011,East Asia & Pacific,145.637170038
2011,East Timor,0.022237731
2011,Ecuador,0.055637846
2011,"Egypt, Arab Rep.",2.8559697859999997
2011,El Salvador,0.011179431
2011,Equatorial Guinea,0.000722099
2011,Eritrea,0.003103865
2011,Estonia,0.16822812299999998
2011,Eswatini,0.055290907
2011,Ethiopia(excludes Eritrea),0.032653669
2011,Ethiopia(includes Eritrea),0.0
2011,Europe & Central Asia,95.438798736
2011,Faeroe Islands,4.09e-05
2011,Falkland Island,0.0022764549999999997
2011,Fiji,0.00266656
2011,Finland,1.97462145
2011,Fm Sudan,0.46892456800000004
2011,Fr. So. Ant. Tr,8.879e-06
2011,France,3.898179095
2011,French Polynesia,1.8875e-05
2011,Gabon,0.069321761
2011,"Gambia, The",0.039107016
2011,Georgia,0.065206007
2011,German Democratic Republic,0.0
2011,Germany,14.901182436000001
2011,Ghana,0.384733915
2011,Gibraltar,6.1954e-05
2011,Greece,0.115706141
2011,Greenland,2.3545000000000002e-05
2011,Grenada,2.141e-06
2011,Guam,2.9216e-05
2011,Guatemala,0.007824181999999999
2011,Guinea,0.124075644
2011,Guinea-Bissau,0.29791726199999996
2011,Guyana,0.010265940000000001
2011,Haiti,0.001478675
2011,Heard Island and McDonald Isla,0.0
2011,Holy See,0.0
2011,Honduras,0.005349759
2011,"Hong Kong, China",11.815427897
2011,Hungary,0.406551732
2011,Iceland,0.005006600999999999
2011,Indonesia,13.964662741
2011,"Iran, Islamic Rep.",11.488127687999999
2011,Iraq,17.442398373
2011,Ireland,0.366531359
2011,Israel,2.5485614130000003
2011,Italy,5.203652462
2011,Jamaica,0.001333573
2011,Japan,11.218263429
2011,Jordan,1.261325149
2011,Kazakhstan,0.122561889
2011,Kenya,0.13038457
2011,Kiribati,0.0
2011,"Korea, Dem. Rep.",0.010408299999999999
2011,"Korea, Rep.",12.362468598
2011,Kuwait,14.690533151
2011,Kyrgyz Republic,0.000726319
2011,Lao PDR,0.070169882
2011,Latin America & Caribbean,16.756021942
2011,Latvia,0.183987092
2011,Lebanon,0.016967804
2011,Lesotho,0.002253282
2011,Liberia,0.011168046000000001
2011,Libya,0.355165151
2011,Lithuania,0.208086779
2011,Luxembourg,0.059142127999999995
2011,Macao,0.000446671
2011,Madagascar,0.062356687
2011,Malawi,0.020386752
2011,Malaysia,9.106224878
2011,Maldives,0.01797569
2011,Mali,0.00470736
2011,Malta,0.036865348
2011,Marshall Islands,0.001285926
2011,Martinique,0.0
2011,Mauritania,0.002642001
2011,Mauritius,0.033969686
2011,Mexico,2.16857906
2011,"Micronesia, Fed. Sts.",0.0
2011,Middle East & North Africa,135.582453081
2011,Moldova,0.000497991
2011,Mongolia,0.02287532
2011,Montenegro,0.0
2011,Montserrat,0.0
2011,Morocco,1.512974552
2011,Mozambique,0.12254364100000001
2011,Myanmar,1.262044269
2011,Namibia,0.013295341
2011,Nauru,0.010098766
2011,Nepal,0.5082140860000001
2011,Netherlands,2.193300549
2011,Netherlands Antilles,0.0
2011,New Caledonia,0.008968222999999999
2011,New Zealand,0.715950845
2011,Nicaragua,0.000998799
2011,Niger,0.000130025
2011,Nigeria,13.604802248
2011,Niue,2.075e-06
2011,Norfolk Island,4.5156999999999995e-05
2011,North America,24.870985629
2011,North Macedonia,0.004928702
2011,Northern Mariana Islands,0.0
2011,Norway,0.867011501
2011,Occ.Pal.Terr,0.0
2011,Oman,4.497856024
2011,Pakistan,0.352110776
2011,Palau,8.276999999999999e-06
2011,Panama,0.21378604199999998
2011,Papua New Guinea,0.207952238
2011,Paraguay,0.011700861000000002
2011,Peru,0.42916032400000004
2011,Philippines,0.450280762
2011,Pitcairn,0.0
2011,Poland,0.572802168
2011,Portugal,0.27122643599999996
2011,Qatar,11.258452524
2011,Romania,0.34911319799999996
2011,Russian Federation,4.050976235
2011,Rwanda,0.000151198
2011,Saint Helena,7.207599999999999e-05
2011,Saint Pierre and Miquelon,3.5699999999999997e-06
2011,Samoa,6.235399999999999e-05
2011,San Marino,0.0
2011,Sao Tome and Principe,5.8553e-05
2011,Saudi Arabia,28.423659329
2011,Senegal,0.391070241
2011,"Serbia, FR(Serbia/Montenegro)",0.003212132
2011,Seychelles,0.002938411
2011,Sierra Leone,0.0052307529999999994
2011,Singapore,8.155302039
2011,Slovak Republic,0.096552595
2011,Slovenia,0.117653329
2011,Solomon Islands,0.015116128000000001
2011,Somalia,0.003114195
2011,South Africa,9.329230523
2011,South Asia,2.5011981690000002
2011,South Sudan,0.0
2011,Soviet Union,0.0
2011,Spain,1.711531848
2011,Sri Lanka,0.717983183
2011,St. Kitts and Nevis,9.4104e-05
2011,St. Lucia,0.000363421
2011,St. Vincent and the Grenadines,0.0
2011,Sub-Saharan Africa,32.959264964
2011,Sudan,0.0
2011,Suriname,0.003498755
2011,Sweden,2.016924382
2011,Switzerland,31.367450304000002
2011,Syrian Arab Republic,0.108522454
2011,Tajikistan,0.006743506000000001
2011,Tanzania,0.255336242
2011,Thailand,5.0555644630000005
2011,Togo,0.125932408
2011,Tokelau,6.424000000000001e-06
2011,Tonga,0.000103978
2011,Trinidad and Tobago,0.20349061799999998
2011,Tunisia,0.143961406
2011,Turkey,0.8866319939999999
2011,Turkmenistan,0.013916665000000002
2011,Turks and Caicos Isl.,3.2891e-05
2011,Tuvalu,0.0
2011,Uganda,0.016992299
2011,Ukraine,2.144943483
2011,United Arab Emirates,35.471579539
2011,United Kingdom,7.4539286890000005
2011,United States,22.573883431000002
2011,United States Minor Outlying I,7.628999999999999e-06
2011,Unspecified,3.31970641
2011,Uruguay,0.028520581
2011,Us Msc.Pac.I,0.0
2011,Uzbekistan,0.052138021
2011,Vanuatu,1.984e-06
2011,Venezuela,6.040743882
2011,Vietnam,1.5542797849999999
2011,Wallis and Futura Isl.,4.0000000000000003e-07
2011,Yemen,0.8338366850000001
2011,Yemen Democratic,0.0
2011,"Yugoslavia,FR(Serbia/Montenegr",0.0
2011,Zambia,0.127497712
2011,Zimbabwe,0.008865007
2012,Afghanistan,0.07974448299999999
2012,Albania,0.043202089
2012,Algeria,1.079247453
2012,American Samoa,0.000561146
2012,Andorra,2.4822e-05
2012,Angola,8.020442181
2012,Anguila,0.0
2012,Antarctica,0.0
2012,Antigua and Barbuda,0.000222921
2012,Argentina,1.211372638
2012,Armenia,0.00167118
2012,Aruba,0.000179596
2012,Australia,12.928893585
2012,Austria,1.009140599
2012,Azerbaijan,1.757381843
2012,"Bahamas, The",0.000195558
2012,Bahrain,0.910947201
2012,Bangladesh,0.567307279
2012,Barbados,0.00013552600000000002
2012,Belarus,0.252513763
2012,Belgium,10.244337854
2012,Belgium-Luxembourg,0.0
2012,Belize,0.000170751
2012,Benin,0.258734819
2012,Bermuda,1.4441000000000001e-05
2012,Bhutan,0.169271746
2012,Bolivia,0.003331501
2012,Bosnia and Herzegovina,0.021521083
2012,Botswana,0.065372058
2012,Brazil,5.394579611999999
2012,British Virgin Islands,0.0006938490000000001
2012,Brunei,0.939257961
2012,Bulgaria,0.077791448
2012,Burkina Faso,0.013213539
2012,Burundi,0.000415736
2012,Cambodia,0.010128505
2012,Cameroon,0.502629976
2012,Canada,2.561282763
2012,Cape Verde,0.003179712
2012,Cayman Islands,5.1509999999999995e-06
2012,Central African Republic,0.002413536
2012,Chad,0.005579397
2012,Chile,2.495845012
2012,China,54.140455371
2012,Christmas Island,7.8063e-05
2012,Cocos (Keeling) Islands,0.0
2012,Colombia,1.2431240190000001
2012,Comoros,0.005692134
2012,"Congo, Dem. Rep.",0.019932584
2012,"Congo, Rep.",0.626001069
2012,Cook Islands,0.0
2012,Costa Rica,0.219798266
2012,Cote d'Ivoire,0.442139332
2012,Croatia,0.014200708000000001
2012,Cuba,0.003860853
2012,Curaçao,0.015789451
2012,Cyprus,0.02085599
2012,Czech Republic,0.700326336
2012,Czechoslovakia,0.0
2012,Denmark,0.52287123
2012,Djibouti,0.003675556
2012,Dominica,0.000450047
2012,Dominican Republic,0.010401466
2012,East Asia & Pacific,144.410101812
2012,East Timor,0.000192141
2012,Ecuador,0.764572079
2012,"Egypt, Arab Rep.",2.653077338
2012,El Salvador,0.007565818
2012,Equatorial Guinea,0.451138499
2012,Eritrea,0.011222102000000001
2012,Estonia,0.280329255
2012,Eswatini,0.065884765
2012,Ethiopia(excludes Eritrea),0.030553102
2012,Ethiopia(includes Eritrea),0.0
2012,Europe & Central Asia,94.299220494
2012,Faeroe Islands,0.0
2012,Falkland Island,0.00112423
2012,Fiji,0.00128937
2012,Finland,1.358393359
2012,Fm Sudan,0.0
2012,Fr. So. Ant. Tr,1.5452e-05
2012,France,4.342332326999999
2012,French Polynesia,7.747e-06
2012,Gabon,0.8520521609999999
2012,"Gambia, The",0.027452035
2012,Georgia,0.054907292
2012,German Democratic Republic,0.0
2012,Germany,14.765654299000001
2012,Ghana,0.28104094799999996
2012,Gibraltar,2.791e-06
2012,Greece,0.107034985
2012,Greenland,5.6973999999999994e-05
2012,Grenada,2.2774000000000003e-05
2012,Guam,4.52e-07
2012,Guatemala,0.00696716
2012,Guinea,0.210894059
2012,Guinea-Bissau,0.12392678900000001
2012,Guyana,0.005086743
2012,Haiti,0.001690049
2012,Heard Island and McDonald Isla,0.0
2012,Holy See,0.0
2012,Honduras,0.014103389999999999
2012,"Hong Kong, China",7.626614508
2012,Hungary,0.29462435600000003
2012,Iceland,0.002295589
2012,Indonesia,14.068290609
2012,"Iran, Islamic Rep.",13.349275039999998
2012,Iraq,19.519129314
2012,Ireland,0.414281456
2012,Israel,2.377241003
2012,Italy,5.149393019000001
2012,Jamaica,0.002697109
2012,Japan,12.362966974999999
2012,Jordan,1.13175592
2012,Kazakhstan,0.163993645
2012,Kenya,0.103310904
2012,Kiribati,8.1104e-05
2012,"Korea, Dem. Rep.",0.000136814
2012,"Korea, Rep.",13.675086542999999
2012,Kuwait,17.786792271000003
2012,Kyrgyz Republic,0.002297043
2012,Lao PDR,0.14372757500000002
2012,Latin America & Caribbean,27.672041324000002
2012,Latvia,0.073620805
2012,Lebanon,0.025017293000000003
2012,Lesotho,0.0038142930000000003
2012,Liberia,0.011564427
2012,Libya,1.2652243799999998
2012,Lithuania,0.046084111
2012,Luxembourg,0.051911150999999996
2012,Macao,0.001060321
2012,Madagascar,0.091743434
2012,Malawi,0.042488938000000004
2012,Malaysia,10.494094398
2012,Maldives,0.007544679
2012,Mali,0.02546985
2012,Malta,0.041660675
2012,Marshall Islands,0.000910826
2012,Martinique,0.0
2012,Mauritania,0.007583693
2012,Mauritius,0.031796237
2012,Mexico,3.495936638
2012,"Micronesia, Fed. Sts.",0.0
2012,Middle East & North Africa,151.878758069
2012,Moldova,0.000279544
2012,Mongolia,0.013023373999999999
2012,Montenegro,0.0
2012,Montserrat,0.0
2012,Morocco,1.48092901
2012,Mozambique,0.267569053
2012,Myanmar,1.346182086
2012,Namibia,0.007982060000000001
2012,Nauru,0.026343195
2012,Nepal,0.307364676
2012,Netherlands,2.621721809
2012,Netherlands Antilles,0.0
2012,New Caledonia,0.023239375
2012,New Zealand,0.76442876
2012,Nicaragua,0.078689955
2012,Niger,0.072521193
2012,Nigeria,13.962156948999999
2012,Niue,8.923e-06
2012,Norfolk Island,0.00032615300000000003
2012,North America,26.666738526
2012,North Macedonia,0.02724112
2012,Northern Mariana Islands,0.0
2012,Norway,0.913373615
2012,Occ.Pal.Terr,0.0
2012,Oman,1.913766523
2012,Pakistan,0.5003281159999999
2012,Palau,4.5380000000000004e-06
2012,Panama,0.114067784
2012,Papua New Guinea,0.107129898
2012,Paraguay,0.008759853
2012,Peru,0.420763259
2012,Philippines,0.49419013
2012,Pitcairn,0.0
2012,Poland,0.854505663
2012,Portugal,0.343573852
2012,Qatar,16.385926425
2012,Romania,0.379493019
2012,Russian Federation,4.602155656000001
2012,Rwanda,0.000247691
2012,Saint Helena,9.6509e-05
2012,Saint Pierre and Miquelon,0.0
2012,Samoa,0.000358318
2012,San Marino,0.0
2012,Sao Tome and Principe,0.00026776999999999997
2012,Saudi Arabia,32.826638762
2012,Senegal,0.38808692300000003
2012,"Serbia, FR(Serbia/Montenegro)",0.00411338
2012,Seychelles,0.002425893
2012,Sierra Leone,0.005328675000000001
2012,Singapore,7.797327222
2012,Slovak Republic,0.09589975599999999
2012,Slovenia,0.126107834
2012,Solomon Islands,0.020119229
2012,Somalia,0.008001875
2012,South Africa,8.034741276
2012,South Asia,2.2970132910000003
2012,South Sudan,0.0
2012,Soviet Union,0.0
2012,Spain,1.755633668
2012,Sri Lanka,0.665452312
2012,St. Kitts and Nevis,0.0
2012,St. Lucia,0.000493889
2012,St. Vincent and the Grenadines,0.0
2012,Sub-Saharan Africa,36.133419459
2012,Sudan,0.179313081
2012,Suriname,0.010176198000000001
2012,Sweden,1.827746938
2012,Switzerland,28.718212982
2012,Syrian Arab Republic,0.163870483
2012,Tajikistan,0.015874784
2012,Tanzania,0.492319506
2012,Thailand,5.499271955
2012,Togo,0.20320391899999998
2012,Tokelau,6.3472e-05
2012,Tonga,7.3863e-05
2012,Trinidad and Tobago,0.005079394
2012,Tunisia,0.22204797099999998
2012,Turkey,1.052938858
2012,Turkmenistan,0.008356046
2012,Turks and Caicos Isl.,0.0
2012,Tuvalu,7.456e-06
2012,Uganda,0.027846837
2012,Ukraine,2.5092783059999997
2012,United Arab Emirates,37.799114921
2012,United Kingdom,6.636114602
2012,United States,24.105441322
2012,United States Minor Outlying I,3.4e-08
2012,Unspecified,1.044446443
2012,Uruguay,0.028467721
2012,Us Msc.Pac.I,0.0
2012,Uzbekistan,0.033550451
2012,Vanuatu,0.005504406
2012,Venezuela,12.123228594
2012,Vietnam,1.945485251
2012,Wallis and Futura Isl.,0.0
2012,Yemen,0.94342053
2012,Yemen Democratic,0.0
2012,"Yugoslavia,FR(Serbia/Montenegr",0.0
2012,Zambia,0.28966124699999996
2012,Zimbabwe,0.033376283
2013,Afghanistan,0.213196562
2013,Albania,0.162521062
2013,Algeria,0.9188352489999999
2013,American Samoa,0.000430507
2013,Andorra,2.8100000000000004e-07
2013,Angola,6.798300153
2013,Anguila,2.27e-07
2013,Antarctica,0.0
2013,Antigua and Barbuda,1.164e-05
2013,Argentina,1.149158543
2013,Armenia,0.000677176
2013,Aruba,4.0392e-05
2013,Australia,10.871893918
2013,Austria,0.849060126
2013,Azerbaijan,0.977285124
2013,"Bahamas, The",0.095962358
2013,Bahrain,0.59382542
2013,Bangladesh,0.530751173
2013,Barbados,0.000118286
2013,Belarus,0.151595272
2013,Belgium,10.071885218
2013,Belgium-Luxembourg,0.0
2013,Belize,0.000217863
2013,Benin,0.178215879
2013,Bermuda,4.0035e-05
2013,Bhutan,0.137064182
2013,Bolivia,0.006393402
2013,Bosnia and Herzegovina,0.002584767
2013,Botswana,0.190629237
2013,Brazil,3.8318406030000003
2013,British Virgin Islands,0.000308992
2013,Brunei,0.7660637419999999
2013,Bulgaria,0.08988051
2013,Burkina Faso,0.017162519
2013,Burundi,0.000129633
2013,Cambodia,0.012794359
2013,Cameroon,0.291288736
2013,Canada,3.005949593
2013,Cape Verde,0.003976478
2013,Cayman Islands,1.3133e-05
2013,Central African Republic,0.0011416220000000001
2013,Chad,0.131775855
2013,Chile,3.2419908139999998
2013,China,51.635443599
2013,Christmas Island,5.8528e-05
2013,Cocos (Keeling) Islands,0.0
2013,Colombia,4.293644286999999
2013,Comoros,0.007457694999999999
2013,"Congo, Dem. Rep.",0.024146379000000003
2013,"Congo, Rep.",0.09172463099999999
2013,Cook Islands,0.0
2013,Costa Rica,0.22007807999999998
2013,Cote d'Ivoire,0.33157552
2013,Croatia,0.010522664000000001
2013,Cuba,0.002632431
2013,Curaçao,0.003623387
2013,Cyprus,0.020677178
2013,Czech Republic,0.546885501
2013,Czechoslovakia,0.0
2013,Denmark,0.49019234
2013,Djibouti,0.0050725
2013,Dominica,0.001195561
2013,Dominican Republic,0.013073415000000001
2013,East Asia & Pacific,136.459029413
2013,East Timor,0.0005960879999999999
2013,Ecuador,0.373232634
2013,"Egypt, Arab Rep.",2.420133344
2013,El Salvador,0.008954311
2013,Equatorial Guinea,0.49810229
2013,Eritrea,0.001979394
2013,Estonia,0.10669313899999999
2013,Eswatini,0.030181749
2013,Ethiopia(excludes Eritrea),0.028749396
2013,Ethiopia(includes Eritrea),0.0
2013,Europe & Central Asia,83.27647328900001
2013,Faeroe Islands,2.68e-07
2013,Falkland Island,0.001081036
2013,Fiji,0.001944223
2013,Finland,0.961013292
2013,Fm Sudan,0.0
2013,Fr. So. Ant. Tr,2.7283000000000003e-05
2013,France,3.375236985
2013,French Polynesia,3.0639e-05
2013,Gabon,0.918952635
2013,"Gambia, The",0.033402124000000005
2013,Georgia,0.022947613000000002
2013,German Democratic Republic,0.0
2013,Germany,13.079266246
2013,Ghana,0.26105447
2013,Gibraltar,0.000226101
2013,Greece,0.108246949
2013,Greenland,1.84e-07
2013,Grenada,0.0
2013,Guam,0.0
2013,Guatemala,0.013336521
2013,Guinea,0.588797345
2013,Guinea-Bissau,0.136546395
2013,Guyana,0.006124729000000001
2013,Haiti,0.000946619
2013,Heard Island and McDonald Isla,0.0
2013,Holy See,0.0
2013,Honduras,0.023260866
2013,"Hong Kong, China",7.732616919
2013,Hungary,0.231136811
2013,Iceland,0.001638789
2013,Indonesia,14.984084234
2013,"Iran, Islamic Rep.",10.031594892000001
2013,Iraq,20.230180444
2013,Ireland,0.528564497
2013,Israel,2.302457108
2013,Italy,4.237648994
2013,Jamaica,0.00084056
2013,Japan,10.489823796
2013,Jordan,0.682834653
2013,Kazakhstan,0.441840772
2013,Kenya,0.120823954
2013,Kiribati,3.1110000000000004e-06
2013,"Korea, Dem. Rep.",0.07622385000000001
2013,"Korea, Rep.",12.426658945
2013,Kuwait,17.591599608
2013,Kyrgyz Republic,0.0006483859999999999
2013,Lao PDR,0.11132561
2013,Latin America & Caribbean,33.310150257
2013,Latvia,0.07610641400000001
2013,Lebanon,0.04071159
2013,Lesotho,0.003535486
2013,Liberia,0.023311228
2013,Libya,0.952518971
2013,Lithuania,0.03824985
2013,Luxembourg,0.042655488
2013,Macao,0.002194623
2013,Madagascar,0.050976408
2013,Malawi,0.019791985
2013,Malaysia,9.330736889
2013,Maldives,0.004072593
2013,Mali,0.077805158
2013,Malta,0.039428761
2013,Marshall Islands,0.006933414
2013,Martinique,0.0
2013,Mauritania,0.010754743
2013,Mauritius,0.020692037
2013,Mexico,4.295381663
2013,"Micronesia, Fed. Sts.",0.0
2013,Middle East & North Africa,145.045542769
2013,Moldova,0.00073852
2013,Mongolia,0.008764277000000001
2013,Montenegro,0.0
2013,Montserrat,2.957e-06
2013,Morocco,0.95412625
2013,Mozambique,0.24736803400000001
2013,Myanmar,1.366237591
2013,Namibia,0.014317003
2013,Nauru,0.005109372
2013,Nepal,0.376705946
2013,Netherlands,2.865990646
2013,Netherlands Antilles,0.0
2013,New Caledonia,0.031358957
2013,New Zealand,0.634388897
2013,Nicaragua,0.002698013
2013,Niger,0.0005977889999999999
2013,Nigeria,13.759368505000001
2013,Niue,1.8462e-05
2013,Norfolk Island,0.000188925
2013,North America,25.606330454
2013,North Macedonia,0.026204489
2013,Northern Mariana Islands,0.000169118
2013,Norway,0.6618721139999999
2013,Occ.Pal.Terr,0.0
2013,Oman,3.0570410129999996
2013,Pakistan,0.379160427
2013,Palau,0.0
2013,Panama,0.036842266000000005
2013,Papua New Guinea,0.226747161
2013,Paraguay,0.005218113999999999
2013,Peru,0.692904103
2013,Philippines,0.408792716
2013,Pitcairn,0.0
2013,Poland,0.671086851
2013,Portugal,0.305198936
2013,Qatar,14.606452050000001
2013,Romania,0.390541358
2013,Russian Federation,3.8141200410000002
2013,Rwanda,0.00020247399999999999
2013,Saint Helena,2.1723e-05
2013,Saint Pierre and Miquelon,8.73e-07
2013,Samoa,5.8674e-05
2013,San Marino,0.0
2013,Sao Tome and Principe,0.0
2013,Saudi Arabia,36.596585483000005
2013,Senegal,0.126230666
2013,"Serbia, FR(Serbia/Montenegro)",0.011393277
2013,Seychelles,0.001619512
2013,Sierra Leone,0.005792267
2013,Singapore,7.026636514000001
2013,Slovak Republic,0.047891603000000005
2013,Slovenia,0.121033888
2013,Solomon Islands,0.003944495
2013,Somalia,0.039768854
2013,South Africa,7.351755213000001
2013,South Asia,2.1562460750000003
2013,South Sudan,0.0
2013,Soviet Union,0.0
2013,Spain,1.9404530560000002
2013,Sri Lanka,0.515295192
2013,St. Kitts and Nevis,1.8792999999999998e-05
2013,St. Lucia,0.000563927
2013,St. Vincent and the Grenadines,0.0
2013,Sub-Saharan Africa,33.716928034999995
2013,Sudan,0.332035959
2013,Suriname,0.014424653
2013,Sweden,1.673389353
2013,Switzerland,24.659313219
2013,Syrian Arab Republic,0.01654717
2013,Tajikistan,0.000560114
2013,Tanzania,0.8187316459999999
2013,Thailand,5.475443427
2013,Togo,0.141045595
2013,Tokelau,0.000278159
2013,Tonga,2.0981e-05
2013,Trinidad and Tobago,0.009472960999999998
2013,Tunisia,0.11696041
2013,Turkey,0.8722552389999999
2013,Turkmenistan,0.013117979
2013,Turks and Caicos Isl.,0.000120454
2013,Tuvalu,0.0
2013,Uganda,0.03299724
2013,Ukraine,2.109783654
2013,United Arab Emirates,32.964584614
2013,United Kingdom,6.430787115
2013,United States,22.600340826
2013,United States Minor Outlying I,0.0
2013,Unspecified,1.991271449
2013,Uruguay,0.020867194999999998
2013,Us Msc.Pac.I,0.0
2013,Uzbekistan,0.035079940999999996
2013,Vanuatu,0.0
2013,Venezuela,14.948571067
2013,Vietnam,2.826668139
2013,Wallis and Futura Isl.,7.5249e-05
2013,Yemen,0.9240532389999999
2013,Yemen Democratic,0.0
2013,"Yugoslavia,FR(Serbia/Montenegr",0.0
2013,Zambia,0.273800549
2013,Zimbabwe,0.010351554
2014,Afghanistan,0.243720758
2014,Albania,0.098055544
2014,Algeria,0.643051929
2014,American Samoa,0.000598351
2014,Andorra,1.4152e-05
2014,Angola,5.6416677019999995
2014,Anguila,6.6816e-05
2014,Antarctica,0.004932997999999999
2014,Antigua and Barbuda,0.00039534199999999997
2014,Argentina,2.012592365
2014,Armenia,0.001855589
2014,Aruba,4.2851999999999996e-05
2014,Australia,9.934691321
2014,Austria,0.8524204059999999
2014,Azerbaijan,0.422225013
2014,"Bahamas, The",0.499956314
2014,Bahrain,0.444360319
2014,Bangladesh,0.517279107
2014,Barbados,0.00016996899999999998
2014,Belarus,0.198926782
2014,Belgium,11.293119145
2014,Belgium-Luxembourg,0.0
2014,Belize,0.001566698
2014,Benin,0.21312830900000002
2014,Bermuda,9.4555e-05
2014,Bhutan,0.14434602700000002
2014,Bolivia,0.002137441
2014,Bosnia and Herzegovina,0.0042552399999999995
2014,Botswana,1.045968262
2014,Brazil,5.54402262
2014,British Virgin Islands,0.000628734
2014,Brunei,0.942652699
2014,Bulgaria,0.108593555
2014,Burkina Faso,0.08050647100000001
2014,Burundi,0.000288822
2014,Cambodia,0.016424955
2014,Cameroon,0.577990714
2014,Canada,3.7476356379999998
2014,Cape Verde,0.002563392
2014,Cayman Islands,3.08e-07
2014,Central African Republic,0.0005800520000000001
2014,Chad,0.014746303
2014,Chile,3.1837879929999997
2014,China,58.23054631
2014,Christmas Island,4.9256e-05
2014,Cocos (Keeling) Islands,1.178e-06
2014,Colombia,3.564933
2014,Comoros,0.012291741
2014,"Congo, Dem. Rep.",0.118257795
2014,"Congo, Rep.",0.266348957
2014,Cook Islands,2.736e-06
2014,Costa Rica,0.183818042
2014,Cote d'Ivoire,0.523752236
2014,Croatia,0.028325159
2014,Cuba,0.001195193
2014,Curaçao,0.009936364
2014,Cyprus,0.021165696
2014,Czech Republic,0.5055618279999999
2014,Czechoslovakia,0.0
2014,Denmark,0.453403965
2014,Djibouti,0.0012931379999999999
2014,Dominica,6.6753e-05
2014,Dominican Republic,0.085845413
2014,East Asia & Pacific,143.128015564
2014,East Timor,0.000528063
2014,Ecuador,0.986546421
2014,"Egypt, Arab Rep.",1.8732688119999998
2014,El Salvador,0.00836471
2014,Equatorial Guinea,0.7163107950000001
2014,Eritrea,0.198931625
2014,Estonia,0.114085813
2014,Eswatini,0.121692568
2014,Ethiopia(excludes Eritrea),0.037362316
2014,Ethiopia(includes Eritrea),0.0
2014,Europe & Central Asia,79.861617936
2014,Faeroe Islands,4.743e-05
2014,Falkland Island,0.003249119
2014,Fiji,0.001099242
2014,Finland,1.057137346
2014,Fm Sudan,0.0
2014,Fr. So. Ant. Tr,0.0
2014,France,3.383505858
2014,French Polynesia,1.4731e-05
2014,Gabon,0.7844445840000001
2014,"Gambia, The",0.036162731
2014,Georgia,0.026052528999999998
2014,German Democratic Republic,0.0
2014,Germany,12.706867416
2014,Ghana,0.805114008
2014,Gibraltar,3.4399999999999996e-07
2014,Greece,0.131225139
2014,Greenland,1.486e-06
2014,Grenada,2.37e-06
2014,Guam,2.36e-06
2014,Guatemala,0.016903179
2014,Guinea,0.569788135
2014,Guinea-Bissau,0.16074308199999998
2014,Guyana,0.009282723
2014,Haiti,0.001474003
2014,Heard Island and McDonald Isla,0.0
2014,Holy See,0.00016984700000000002
2014,Honduras,0.026236807
2014,"Hong Kong, China",6.144852017
2014,Hungary,0.236437734
2014,Iceland,0.008668456
2014,Indonesia,15.184884087999999
2014,"Iran, Islamic Rep.",11.246347166
2014,Iraq,16.070331503000002
2014,Ireland,0.529817011
2014,Israel,2.303326597
2014,Italy,4.3342882640000004
2014,Jamaica,0.0017180709999999998
2014,Japan,9.963998204
2014,Jordan,0.789304255
2014,Kazakhstan,0.924992531
2014,Kenya,0.127669971
2014,Kiribati,1.2598e-05
2014,"Korea, Dem. Rep.",0.108620919
2014,"Korea, Rep.",13.437254155
2014,Kuwait,15.036027211999999
2014,Kyrgyz Republic,0.00048637400000000003
2014,Lao PDR,0.05962516
2014,Latin America & Caribbean,33.563962597
2014,Latvia,0.06984611199999999
2014,Lebanon,0.04004878
2014,Lesotho,0.0011428430000000002
2014,Liberia,0.007733174
2014,Libya,0.07216681600000001
2014,Lithuania,0.125298997
2014,Luxembourg,0.038402822999999996
2014,Macao,0.002818775
2014,Madagascar,0.07108569599999999
2014,Malawi,0.031739964
2014,Malaysia,10.928502523
2014,Maldives,0.004478085
2014,Mali,0.073034112
2014,Malta,0.024627589
2014,Marshall Islands,7.367e-06
2014,Martinique,0.0
2014,Mauritania,0.029924877
2014,Mauritius,0.021247898
2014,Mexico,3.445596819
2014,"Micronesia, Fed. Sts.",9.9484e-05
2014,Middle East & North Africa,128.483330566
2014,Moldova,0.001670419
2014,Mongolia,0.003652138
2014,Montenegro,1.2696999999999999e-05
2014,Montserrat,4.862e-06
2014,Morocco,0.86779032
2014,Mozambique,0.328564649
2014,Myanmar,1.392756155
2014,Namibia,0.031512196
2014,Nauru,0.00507685
2014,Nepal,0.560744379
2014,Netherlands,2.782976932
2014,Netherlands Antilles,0.0
2014,New Caledonia,0.023972384
2014,New Zealand,0.5984766629999999
2014,Nicaragua,0.001979696
2014,Niger,0.000546669
2014,Nigeria,15.6633521
2014,Niue,1.5127000000000001e-05
2014,Norfolk Island,0.00011551000000000001
2014,North America,24.187457462
2014,North Macedonia,0.005915893
2014,Northern Mariana Islands,0.0
2014,Norway,0.84527922
2014,Occ.Pal.Terr,0.0
2014,Oman,1.8195099
2014,Pakistan,0.529854769
2014,Palau,3.775e-06
2014,Panama,0.08315611199999999
2014,Papua New Guinea,0.211145931
2014,Paraguay,0.056699157
2014,Peru,0.5639536559999999
2014,Philippines,0.400685043
2014,Pitcairn,0.000109933
2014,Poland,0.630116139
2014,Portugal,0.189696617
2014,Qatar,16.583917002
2014,Romania,0.31360977500000004
2014,Russian Federation,4.207628765
2014,Rwanda,0.000562999
2014,Saint Helena,0.000163229
2014,Saint Pierre and Miquelon,0.0
2014,Samoa,0.001163989
2014,San Marino,0.000169148
2014,Sao Tome and Principe,4.2764000000000006e-05
2014,Saudi Arabia,32.703510115
2014,Senegal,0.20670444899999998
2014,"Serbia, FR(Serbia/Montenegro)",0.027637603
2014,Seychelles,0.0009148339999999999
2014,Sierra Leone,0.017220132000000003
2014,Singapore,7.069416666
2014,Slovak Republic,0.065751284
2014,Slovenia,0.108639781
2014,Solomon Islands,0.0054392600000000004
2014,Somalia,0.049228629
2014,South Africa,5.993807512
2014,South Asia,2.592419354
2014,South Sudan,0.064377273
2014,Soviet Union,0.0
2014,Spain,1.739320368
2014,Sri Lanka,0.591996229
2014,St. Kitts and Nevis,0.000337316
2014,St. Lucia,0.000121281
2014,St. Vincent and the Grenadines,3.5e-07
2014,Sub-Saharan Africa,36.069390073
2014,Sudan,0.649965743
2014,Suriname,0.031315464
2014,Sweden,1.7430449399999999
2014,Switzerland,21.133061463
2014,Syrian Arab Republic,0.08675011599999999
2014,Tajikistan,0.0036187109999999997
2014,Tanzania,0.9271806419999999
2014,Thailand,5.680938464
2014,Togo,0.206541981
2014,Tokelau,4.928e-06
2014,Tonga,9.007e-06
2014,Trinidad and Tobago,0.037015089
2014,Tunisia,0.184230458
2014,Turkey,1.347561663
2014,Turkmenistan,0.015484056000000001
2014,Turks and Caicos Isl.,1.5322e-05
2014,Tuvalu,0.001418943
2014,Uganda,0.036479349
2014,Ukraine,2.195126703
2014,United Arab Emirates,27.287867162999998
2014,United Kingdom,4.791111195
2014,United States,20.439727269000002
2014,United States Minor Outlying I,0.000691042
2014,Unspecified,6.7668865369999995
2014,Uruguay,0.020503743999999997
2014,Us Msc.Pac.I,0.0
2014,Uzbekistan,0.039101171000000004
2014,Vanuatu,1.1314e-05
2014,Venezuela,13.192210004000001
2014,Vietnam,2.7816925099999996
2014,Wallis and Futura Isl.,0.0010295150000000002
2014,Yemen,0.405601376
2014,Yemen Democratic,0.0
2014,"Yugoslavia,FR(Serbia/Montenegr",0.0
2014,Zambia,0.21964546299999999
2014,Zimbabwe,0.030489297
2015,Afghanistan,0.317719545
2015,Albania,0.01228256
2015,Algeria,0.28938082400000004
2015,American Samoa,0.0012124149999999999
2015,Andorra,0.005108356
2015,Angola,3.16959858
2015,Anguila,5.985e-06
2015,Antarctica,0.001097721
2015,Antigua and Barbuda,0.000131934
2015,Argentina,2.228104305
2015,Armenia,0.014452977
2015,Aruba,0.000250696
2015,Australia,9.411865326
2015,Austria,0.784162909
2015,Azerbaijan,0.08211048600000001
2015,"Bahamas, The",0.079648256
2015,Bahrain,0.35547993099999997
2015,Bangladesh,0.6398985420000001
2015,Barbados,0.000161642
2015,Belarus,0.162150424
2015,Belgium,8.337646131
2015,Belgium-Luxembourg,0.0
2015,Belize,0.000447574
2015,Benin,0.278108445
2015,Bermuda,3.19e-07
2015,Bhutan,0.195022126
2015,Bolivia,0.190762763
2015,Bosnia and Herzegovina,0.003548645
2015,Botswana,0.564720723
2015,Brazil,4.107796561
2015,British Virgin Islands,0.0005744410000000001
2015,Brunei,0.607783371
2015,Bulgaria,0.088594952
2015,Burkina Faso,0.276156609
2015,Burundi,0.000161196
2015,Cambodia,0.042988881
2015,Cameroon,0.744370801
2015,Canada,3.8441452089999997
2015,Cape Verde,0.003111281
2015,Cayman Islands,1.7799999999999998e-07
2015,Central African Republic,0.00063119
2015,Chad,0.369163454
2015,Chile,2.1581095660000003
2015,China,61.604426747
2015,Christmas Island,4.2119999999999997e-05
2015,Cocos (Keeling) Islands,0.0
2015,Colombia,0.869955604
2015,Comoros,0.012903133
2015,"Congo, Dem. Rep.",0.103148515
2015,"Congo, Rep.",0.30489144
2015,Cook Islands,0.0
2015,Costa Rica,0.068750624
2015,Cote d'Ivoire,0.570766952
2015,Croatia,0.026482587
2015,Cuba,0.001521937
2015,Curaçao,0.014614489999999999
2015,Cyprus,0.050087477
2015,Czech Republic,0.524379255
2015,Czechoslovakia,0.0
2015,Denmark,0.41117261099999997
2015,Djibouti,0.001655028
2015,Dominica,0.00010619400000000001
2015,Dominican Republic,0.60080797
2015,East Asia & Pacific,142.17345233199998
2015,East Timor,7.0522e-05
2015,Ecuador,0.641096982
2015,"Egypt, Arab Rep.",1.46057015
2015,El Salvador,0.008773623999999999
2015,Equatorial Guinea,0.419981469
2015,Eritrea,0.169564889
2015,Estonia,0.157443729
2015,Eswatini,0.041781008
2015,Ethiopia(excludes Eritrea),0.060007216
2015,Ethiopia(includes Eritrea),0.0
2015,Europe & Central Asia,73.93270864200001
2015,Faeroe Islands,5.3022e-05
2015,Falkland Island,0.001977445
2015,Fiji,0.0012455699999999999
2015,Finland,0.9878566360000001
2015,Fm Sudan,0.0
2015,Fr. So. Ant. Tr,2.7936e-05
2015,France,3.1953055210000003
2015,French Polynesia,3.731e-05
2015,Gabon,0.116296804
2015,"Gambia, The",0.032020575
2015,Georgia,0.021387222
2015,German Democratic Republic,0.0
2015,Germany,11.82903124
2015,Ghana,3.219587232
2015,Gibraltar,0.0
2015,Greece,0.11453566999999999
2015,Greenland,0.000165224
2015,Grenada,0.0
2015,Guam,0.0
2015,Guatemala,0.013580039
2015,Guinea,0.472858253
2015,Guinea-Bissau,0.201280618
2015,Guyana,0.016549561
2015,Haiti,0.002877223
2015,Heard Island and McDonald Isla,0.0
2015,Holy See,1.8919999999999998e-06
2015,Honduras,0.017869557
2015,"Hong Kong, China",5.958813661000001
2015,Hungary,0.250158599
2015,Iceland,0.005345975
2015,Indonesia,13.90202496
2015,"Iran, Islamic Rep.",6.225320610000001
2015,Iraq,11.300277004
2015,Ireland,0.555441458
2015,Israel,2.083726289
2015,Italy,4.108326094
2015,Jamaica,0.001264097
2015,Japan,9.635157521
2015,Jordan,0.870317378
2015,Kazakhstan,0.337544908
2015,Kenya,0.111847423
2015,Kiribati,0.0
2015,"Korea, Dem. Rep.",0.099006331
2015,"Korea, Rep.",13.087658361999999
2015,Kuwait,5.923154891
2015,Kyrgyz Republic,0.0015816690000000002
2015,Lao PDR,0.142954574
2015,Latin America & Caribbean,21.660441624
2015,Latvia,0.062086716
2015,Lebanon,0.028050535
2015,Lesotho,0.005163267
2015,Liberia,0.081757489
2015,Libya,0.009251785
2015,Lithuania,0.186708617
2015,Luxembourg,0.17802422399999998
2015,Macao,0.007236148
2015,Madagascar,0.128765344
2015,Malawi,0.067552175
2015,Malaysia,9.559920611999999
2015,Maldives,0.005099973
2015,Mali,0.154822768
2015,Malta,0.025543731
2015,Marshall Islands,0.000423862
2015,Martinique,0.0
2015,Mauritania,0.028500093
2015,Mauritius,0.020100665
2015,Mexico,2.726965352
2015,"Micronesia, Fed. Sts.",0.0
2015,Middle East & North Africa,82.843416407
2015,Moldova,0.004995766
2015,Mongolia,0.004618175
2015,Montenegro,0.0011195340000000002
2015,Montserrat,0.0
2015,Morocco,1.099747751
2015,Mozambique,0.36975528399999996
2015,Myanmar,1.016301065
2015,Namibia,0.012292413
2015,Nauru,0.010851844999999999
2015,Nepal,0.489552737
2015,Netherlands,1.935723644
2015,Netherlands Antilles,0.0
2015,New Caledonia,0.032096719
2015,New Zealand,0.5498428599999999
2015,Nicaragua,0.0037526860000000003
2015,Niger,0.000226439
2015,Nigeria,10.23380327
2015,Niue,1.4525e-05
2015,Norfolk Island,5.3792e-05
2015,North America,24.307796499000002
2015,North Macedonia,0.007212716
2015,Northern Mariana Islands,0.000235033
2015,Norway,0.825343918
2015,Occ.Pal.Terr,0.0
2015,Oman,1.567249523
2015,Pakistan,0.456327942
2015,Palau,0.003825611
2015,Panama,0.074998244
2015,Papua New Guinea,0.189281865
2015,Paraguay,0.114207604
2015,Peru,0.74628136
2015,Philippines,0.518187692
2015,Pitcairn,5.718e-06
2015,Poland,0.57145276
2015,Portugal,0.105760489
2015,Qatar,9.637304664999998
2015,Romania,0.291240258
2015,Russian Federation,4.5270905379999995
2015,Rwanda,0.0019131089999999999
2015,Saint Helena,0.0
2015,Saint Pierre and Miquelon,2.4954999999999997e-05
2015,Samoa,0.000964678
2015,San Marino,0.000609129
2015,Sao Tome and Principe,9.571e-06
2015,Saudi Arabia,21.353105035
2015,Senegal,0.227588274
2015,"Serbia, FR(Serbia/Montenegro)",0.033637237
2015,Seychelles,0.000831779
2015,Sierra Leone,0.019941419999999998
2015,Singapore,7.395997582000001
2015,Slovak Republic,0.14425634599999998
2015,Slovenia,0.090880215
2015,Solomon Islands,0.068983506
2015,Somalia,0.016298605
2015,South Africa,6.275839167999999
2015,South Asia,2.9524024900000003
2015,South Sudan,0.0
2015,Soviet Union,0.0
2015,Spain,1.923556576
2015,Sri Lanka,0.848781625
2015,St. Kitts and Nevis,0.000189946
2015,St. Lucia,0.000329846
2015,St. Vincent and the Grenadines,1.92e-06
2015,Sub-Saharan Africa,30.616344323
2015,Sudan,0.187146228
2015,Suriname,0.242393032
2015,Sweden,1.582112153
2015,Switzerland,21.113151454999997
2015,Syrian Arab Republic,0.035827544999999995
2015,Tajikistan,0.009874612
2015,Tanzania,1.004389133
2015,Thailand,5.650144837
2015,Togo,0.257176293
2015,Tokelau,3.745e-06
2015,Tonga,1.06e-07
2015,Trinidad and Tobago,0.083582947
2015,Tunisia,0.115002007
2015,Turkey,0.989333706
2015,Turkmenistan,0.047786014
2015,Turks and Caicos Isl.,2.1228e-05
2015,Tuvalu,1.0679e-05
2015,Uganda,0.037326728999999996
2015,Ukraine,1.8022616939999998
2015,United Arab Emirates,20.283244409
2015,United Kingdom,5.375634275
2015,United States,20.463650971
2015,United States Minor Outlying I,0.000454235
2015,Unspecified,8.500380815
2015,Uruguay,0.018536776999999997
2015,Us Msc.Pac.I,0.0
2015,Uzbekistan,0.056499713
2015,Vanuatu,4.6841999999999996e-05
2015,Venezuela,6.640613795
2015,Vietnam,2.680088909
2015,Wallis and Futura Isl.,0.000240488
2015,Yemen,0.179207316
2015,Yemen Democratic,0.0
2015,"Yugoslavia,FR(Serbia/Montenegr",0.0
2015,Zambia,0.406835027
2015,Zimbabwe,0.022498202000000002
2016,Afghanistan,0.28229366600000005
2016,Albania,0.008542579
2016,Algeria,0.5782077210000001
2016,American Samoa,9.435800000000001e-05
2016,Andorra,8.835599999999999e-05
2016,Angola,2.001936255
2016,Anguila,1.141e-06
2016,Antarctica,0.000496911
2016,Antigua and Barbuda,3.008e-06
2016,Argentina,2.5918445269999997
2016,Armenia,0.001338576
2016,Aruba,0.004235764
2016,Australia,8.730657318
2016,Austria,0.905747887
2016,Azerbaijan,0.28071803700000003
2016,"Bahamas, The",0.256570698
2016,Bahrain,0.32298932199999997
2016,Bangladesh,0.67709805
2016,Barbados,0.000159375
2016,Belarus,0.13626941399999998
2016,Belgium,7.479921914
2016,Belgium-Luxembourg,0.0
2016,Belize,0.0003858
2016,Benin,0.207538992
2016,Bermuda,2.068e-06
2016,Bhutan,0.127330122
2016,Bolivia,0.128254474
2016,Bosnia and Herzegovina,0.0037857
2016,Botswana,1.0007750720000002
2016,Brazil,3.614718445
2016,British Virgin Islands,0.007884733
2016,Brunei,0.461960205
2016,Bulgaria,0.121651367
2016,Burkina Faso,0.175800173
2016,Burundi,0.001222356
2016,Cambodia,0.043212591999999994
2016,Cameroon,0.42899147499999996
2016,Canada,3.646860723
2016,Cape Verde,0.001766632
2016,Cayman Islands,1.891e-05
2016,Central African Republic,0.000630625
2016,Chad,0.140606766
2016,Chile,1.218361414
2016,China,60.483103314000005
2016,Christmas Island,1.7564e-05
2016,Cocos (Keeling) Islands,0.0
2016,Colombia,0.47632002399999995
2016,Comoros,0.023087133000000003
2016,"Congo, Dem. Rep.",0.060045664
2016,"Congo, Rep.",0.143342476
2016,Cook Islands,0.0
2016,Costa Rica,0.05828726
2016,Cote d'Ivoire,0.448529464
2016,Croatia,0.028943977
2016,Cuba,0.001179203
2016,Curaçao,0.111749275
2016,Cyprus,0.067237
2016,Czech Republic,0.530210024
2016,Czechoslovakia,0.0
2016,Denmark,0.476699679
2016,Djibouti,0.002363441
2016,Dominica,0.000750096
2016,Dominican Republic,0.637003394
2016,East Asia & Pacific,137.402099276
2016,East Timor,3.1191e-05
2016,Ecuador,0.213319277
2016,"Egypt, Arab Rep.",1.022565117
2016,El Salvador,0.004737189
2016,Equatorial Guinea,0.908756743
2016,Eritrea,0.063169766
2016,Estonia,0.08783825299999999
2016,Eswatini,0.030452569999999998
2016,Ethiopia(excludes Eritrea),0.070202056
2016,Ethiopia(includes Eritrea),0.0
2016,Europe & Central Asia,64.39325469399999
2016,Faeroe Islands,4.245e-06
2016,Falkland Island,0.0
2016,Fiji,0.000600081
2016,Finland,0.9335308170000001
2016,Fm Sudan,0.0
2016,Fr. So. Ant. Tr,0.0
2016,France,3.167272128
2016,French Polynesia,4.359e-06
2016,Gabon,0.064463992
2016,"Gambia, The",0.042526881999999995
2016,Georgia,0.0302511
2016,German Democratic Republic,0.0
2016,Germany,11.499371351
2016,Ghana,1.449129771
2016,Gibraltar,0.0
2016,Greece,0.09558056100000001
2016,Greenland,0.00010774
2016,Grenada,0.0
2016,Guam,0.0
2016,Guatemala,0.018015837
2016,Guinea,0.254188348
2016,Guinea-Bissau,0.214737337
2016,Guyana,0.015735064
2016,Haiti,0.003601822
2016,Heard Island and McDonald Isla,2.8499999999999997e-07
2016,Holy See,2.0145e-05
2016,Honduras,0.020287188999999997
2016,"Hong Kong, China",7.119319062
2016,Hungary,0.211600866
2016,Iceland,0.0029355859999999996
2016,Indonesia,12.1892587
2016,"Iran, Islamic Rep.",8.253714509
2016,Iraq,9.97437843
2016,Ireland,0.490354497
2016,Israel,2.076419908
2016,Italy,3.8408710499999996
2016,Jamaica,0.001300887
2016,Japan,9.808530779
2016,Jordan,0.839704278
2016,Kazakhstan,0.32036077399999996
2016,Kenya,0.126408923
2016,Kiribati,0.0
2016,"Korea, Dem. Rep.",0.08744157000000001
2016,"Korea, Rep.",12.21404578
2016,Kuwait,4.0347683629999995
2016,Kyrgyz Republic,0.001807568
2016,Lao PDR,0.17241236199999999
2016,Latin America & Caribbean,18.199046165
2016,Latvia,0.039752527999999995
2016,Lebanon,0.02965086
2016,Lesotho,0.013603498
2016,Liberia,0.005899824
2016,Libya,0.005638335
2016,Lithuania,0.239104979
2016,Luxembourg,0.048010724000000005
2016,Macao,0.0076787439999999995
2016,Madagascar,0.127013437
2016,Malawi,0.041998510999999995
2016,Malaysia,8.653350684000001
2016,Maldives,0.006253292000000001
2016,Mali,0.176791447
2016,Malta,0.028011091000000002
2016,Marshall Islands,0.008706074000000001
2016,Martinique,0.0
2016,Mauritania,0.014253787
2016,Mauritius,0.018970116999999998
2016,Mexico,2.4421383309999998
2016,"Micronesia, Fed. Sts.",0.0
2016,Middle East & North Africa,74.682903256
2016,Moldova,0.003120486
2016,Mongolia,0.0023531909999999997
2016,Montenegro,3.9816e-05
2016,Montserrat,4.1e-08
2016,Morocco,0.8402811
2016,Mozambique,0.408410289
2016,Myanmar,1.084934273
2016,Namibia,0.035119091
2016,Nauru,4.6034e-05
2016,Nepal,0.38531149800000003
2016,Netherlands,1.781383521
2016,Netherlands Antilles,0.0
2016,New Caledonia,0.041227498
2016,New Zealand,0.5087439579999999
2016,Nicaragua,0.002871426
2016,Niger,0.000161842
2016,Nigeria,7.407498104
2016,Niue,0.0
2016,Norfolk Island,5.2451e-05
2016,North America,24.042098061999997
2016,North Macedonia,0.020904199000000002
2016,Northern Mariana Islands,2.9273e-05
2016,Norway,0.646577182
2016,Occ.Pal.Terr,0.0
2016,Oman,1.3002628680000001
2016,Pakistan,0.46107916499999996
2016,Palau,0.0
2016,Panama,0.053220758
2016,Papua New Guinea,0.098188683
2016,Paraguay,0.160532305
2016,Peru,0.989574828
2016,Philippines,0.475843978
2016,Pitcairn,2.915e-06
2016,Poland,0.6539385600000001
2016,Portugal,0.130185765
2016,Qatar,7.479482175
2016,Romania,0.321335484
2016,Russian Federation,4.782004793
2016,Rwanda,0.000946922
2016,Saint Helena,0.0
2016,Saint Pierre and Miquelon,0.0
2016,Samoa,0.007793115
2016,San Marino,0.000401861
2016,Sao Tome and Principe,2.0671e-05
2016,Saudi Arabia,18.460868532000003
2016,Senegal,0.335517081
2016,"Serbia, FR(Serbia/Montenegro)",0.025152308
2016,Seychelles,0.000951102
2016,Sierra Leone,0.013307394
2016,Singapore,6.7194792450000005
2016,Slovak Republic,0.069923477
2016,Slovenia,0.10318872100000001
2016,Solomon Islands,0.060721712
2016,Somalia,0.017414139
2016,South Africa,5.092336126
2016,South Asia,2.571638392
2016,South Sudan,0.00011647799999999999
2016,Soviet Union,0.0
2016,Spain,1.725772605
2016,Sri Lanka,0.632272599
2016,St. Kitts and Nevis,7.737e-06
2016,St. Lucia,0.000361055
2016,St. Vincent and the Grenadines,0.0
2016,Sub-Saharan Africa,23.371143934
2016,Sudan,0.170447989
2016,Suriname,0.037358074
2016,Sweden,1.19169222
2016,Switzerland,14.855313963
2016,Syrian Arab Republic,0.035694735
2016,Tajikistan,0.014688501
2016,Tanzania,0.8305868270000001
2016,Thailand,5.316377865000001
2016,Togo,0.132263092
2016,Tokelau,1.0601e-05
2016,Tonga,4.9521e-05
2016,Trinidad and Tobago,0.15439595
2016,Tunisia,0.152010734
2016,Turkey,1.129743111
2016,Turkmenistan,0.021702273
2016,Turks and Caicos Isl.,4.79e-06
2016,Tuvalu,7.6667e-05
2016,Uganda,0.068202405
2016,Ukraine,1.95599623
2016,United Arab Emirates,19.240913197999998
2016,United Kingdom,3.863790871
2016,United States,20.395235271
2016,United States Minor Outlying I,0.000491427
2016,Unspecified,8.644858333
2016,Uruguay,0.013588099
2016,Us Msc.Pac.I,0.0
2016,Uzbekistan,0.04648947
2016,Vanuatu,0.00024813
2016,Venezuela,5.079903155
2016,Vietnam,3.105624994
2016,Wallis and Futura Isl.,0.0
2016,Yemen,0.004978539
2016,Yemen Democratic,0.0
2016,"Yugoslavia,FR(Serbia/Montenegr",0.0
2016,Zambia,0.7230168730000001
2016,Zimbabwe,0.048435406
2017,Afghanistan,0.413367828992338
2017,Albania,0.0364584134488017
2017,Algeria,1.0334650120264899
2017,American Samoa,0.00034536273592068
2017,Andorra,7.784140185e-07
2017,Angola,4.11827913190179
2017,Anguila,0.00013275381578148
2017,Antarctica,1.247972104017e-05
2017,Antigua and Barbuda,2.352158152443e-05
2017,Argentina,2.48657546982657
2017,Armenia,0.00045368263513737
2017,Aruba,0.00039787380792117
2017,Australia,14.3523467743086
2017,Austria,0.8951487875241619
2017,Azerbaijan,0.545025987484286
2017,"Bahamas, The",0.0400754894326534
2017,Bahrain,0.36028700460441
2017,Bangladesh,0.591575732129216
2017,Barbados,0.00010429487631720001
2017,Belarus,0.189111860254676
2017,Belgium,5.9549659049409005
2017,Belgium-Luxembourg,0.0
2017,Belize,0.00132944919880932
2017,Benin,0.209712435106227
2017,Bermuda,1.4767274671199999e-05
2017,Bhutan,0.206991353077846
2017,Bolivia,0.596772472343044
2017,Bosnia and Herzegovina,0.00756986622728571
2017,Botswana,1.7461480569047498
2017,Brazil,5.1044642506378
2017,British Virgin Islands,0.00054270827116299
2017,Brunei,0.595323571724763
2017,Bulgaria,0.19912136395444
2017,Burkina Faso,0.6478024365032891
2017,Burundi,0.0109583777093117
2017,Cambodia,0.0478823771498105
2017,Cameroon,0.21225043412672
2017,Canada,4.84423675876641
2017,Cape Verde,0.00273061216734678
2017,Cayman Islands,0.00522950615724591
2017,Central African Republic,0.00223250961671865
2017,Chad,0.0869130901369871
2017,Chile,1.69803080845513
2017,China,71.9227478176351
2017,Christmas Island,0.00065333040091866
2017,Cocos (Keeling) Islands,4.6864980775799995e-06
2017,Colombia,0.6489536544189229
2017,Comoros,0.0282534257917615
2017,"Congo, Dem. Rep.",0.21693152735226298
2017,"Congo, Rep.",0.142014137590941
2017,Cook Islands,0.0
2017,Costa Rica,0.0682721465120503
2017,Cote d'Ivoire,0.435037631710641
2017,Croatia,0.0321575648209325
2017,Cuba,0.00203315495877864
2017,Curaçao,0.00834515916673104
2017,Cyprus,0.012220586060565
2017,Czech Republic,0.630258159416622
2017,Czechoslovakia,0.0
2017,Denmark,0.519424632592355
2017,Djibouti,0.00410719727804211
2017,Dominica,0.00025346924745012
2017,Dominican Republic,0.593899556518546
2017,East Asia & Pacific,170.028923964196
2017,East Timor,0.00021801845956581
2017,Ecuador,0.331946585521109
2017,"Egypt, Arab Rep.",1.21414917505593
2017,El Salvador,0.00942267668940927
2017,Equatorial Guinea,0.605073841717742
2017,Eritrea,0.0031466463820038
2017,Estonia,0.0750561798281844
2017,Eswatini,0.0257218171123583
2017,Ethiopia(excludes Eritrea),0.0455307007841605
2017,Ethiopia(includes Eritrea),0.0
2017,Europe & Central Asia,79.346237312274
2017,Faeroe Islands,2.8431706499999998e-06
2017,Falkland Island,0.0
2017,Fiji,0.00042476559172317005
2017,Finland,1.27464776868964
2017,Fm Sudan,0.0
2017,Fr. So. Ant. Tr,0.0
2017,France,4.93126013918134
2017,French Polynesia,5.9728683538619994e-05
2017,Gabon,0.262090931181207
2017,"Gambia, The",0.0573124809079081
2017,Georgia,0.0308782011468209
2017,German Democratic Republic,0.0
2017,Germany,12.665121178348201
2017,Ghana,2.76319904744722
2017,Gibraltar,5.59894069737e-06
2017,Greece,0.10085659722306001
2017,Greenland,1.065992277078e-05
2017,Grenada,0.0002474963145486
2017,Guam,0.0
2017,Guatemala,0.017567591885158
2017,Guinea,0.505635029376527
2017,Guinea-Bissau,0.25278539631922403
2017,Guyana,0.008777984916719609
2017,Haiti,0.00645103090345473
2017,Heard Island and McDonald Isla,0.0
2017,Holy See,0.0
2017,Honduras,0.0154629618139324
2017,"Hong Kong, China",10.9934382803694
2017,Hungary,0.258839653537377
2017,Iceland,0.00730830981913326
2017,Indonesia,16.2354029639095
2017,"Iran, Islamic Rep.",11.0894327054101
2017,Iraq,15.3100444764599
2017,Ireland,0.588538506798738
2017,Israel,1.9917138681411999
2017,Italy,4.37762763663486
2017,Jamaica,0.00401254751236401
2017,Japan,10.469211583173
2017,Jordan,0.88010904785987
2017,Kazakhstan,1.03903592811329
2017,Kenya,0.0721153078912373
2017,Kiribati,0.0
2017,"Korea, Dem. Rep.",0.0354288373774128
2017,"Korea, Rep.",16.0918102615964
2017,Kuwait,6.11879639947815
2017,Kyrgyz Republic,0.030831176149327302
2017,Lao PDR,0.249856462563835
2017,Latin America & Caribbean,23.6458843054885
2017,Latvia,0.0491264313339348
2017,Lebanon,0.035495663306475904
2017,Lesotho,0.0740938209215085
2017,Liberia,0.0368765144179939
2017,Libya,0.0267831972133763
2017,Lithuania,0.19410987782434602
2017,Luxembourg,0.0491006499696408
2017,Macao,0.008429054309002981
2017,Madagascar,0.14013991076915802
2017,Malawi,0.0189886647939644
2017,Malaysia,8.90192951123602
2017,Maldives,0.00765564364073889
2017,Mali,0.12277929612855899
2017,Malta,0.0156843713615537
2017,Marshall Islands,0.00013374654339303
2017,Martinique,0.0
2017,Mauritania,0.0043765202294585095
2017,Mauritius,0.0184235601913778
2017,Mexico,3.53802896078412
2017,"Micronesia, Fed. Sts.",0.0
2017,Middle East & North Africa,94.45601733299901
2017,Moldova,0.009942477411697289
2017,Mongolia,0.00181682929228086
2017,Montenegro,6.169569657372e-05
2017,Montserrat,0.0
2017,Morocco,0.773967464230665
2017,Mozambique,0.982016036314019
2017,Myanmar,0.7380392912118291
2017,Namibia,0.0600540025515663
2017,Nauru,1.452519021672e-05
2017,Nepal,0.413560536947406
2017,Netherlands,2.31815238132902
2017,Netherlands Antilles,0.0
2017,New Caledonia,0.013075528427866301
2017,New Zealand,0.611355520467752
2017,Nicaragua,0.00378038377165428
2017,Niger,0.019578485755225
2017,Nigeria,8.3429700118244
2017,Niue,0.0
2017,Norfolk Island,0.00018855844739991
2017,North America,28.9304081585681
2017,North Macedonia,0.0334569739392894
2017,Northern Mariana Islands,0.00017216973555975
2017,Norway,0.726033476433315
2017,Occ.Pal.Terr,0.0
2017,Oman,3.0754301544143
2017,Pakistan,0.469331037885137
2017,Palau,0.0007634920753454399
2017,Panama,0.135885540389383
2017,Papua New Guinea,0.15873808700622902
2017,Paraguay,0.15462987382489202
2017,Peru,2.06324409153221
2017,Philippines,0.7111131303414979
2017,Pitcairn,0.00022243966676901
2017,Poland,0.750727986093935
2017,Portugal,0.182533661981554
2017,Qatar,8.09971807394148
2017,Romania,0.376943541168002
2017,Russian Federation,7.98055868645537
2017,Rwanda,0.00361704581550585
2017,Saint Helena,3.083062020957e-05
2017,Saint Pierre and Miquelon,0.0
2017,Samoa,0.00023848257221568
2017,San Marino,0.0006280149170304899
2017,Sao Tome and Principe,0.0
2017,Saudi Arabia,21.0868457101029
2017,Senegal,0.5435112165035441
2017,"Serbia, FR(Serbia/Montenegro)",0.0251180503683224
2017,Seychelles,0.00077423586396615
2017,Sierra Leone,0.0211372848932784
2017,Singapore,7.2354162966757904
2017,Slovak Republic,0.08013449007385971
2017,Slovenia,0.101293111210859
2017,Solomon Islands,0.054819091695968096
2017,Somalia,0.0038589670873590298
2017,South Africa,6.88572666556428
2017,South Asia,2.76614917189135
2017,South Sudan,0.0671004181016629
2017,Soviet Union,0.0
2017,Spain,1.8614812937938798
2017,Sri Lanka,0.663667039218673
2017,St. Kitts and Nevis,4.8353880087e-07
2017,St. Lucia,0.00033056493942833996
2017,St. Vincent and the Grenadines,0.0
2017,Sub-Saharan Africa,32.137493729305405
2017,Sudan,0.476919420268965
2017,Suriname,0.0837814711106108
2017,Sweden,1.3952735659763602
2017,Switzerland,20.4046500232174
2017,Syrian Arab Republic,0.028903699138754898
2017,Tajikistan,0.0474727595256243
2017,Tanzania,1.1121084056022401
2017,Thailand,6.45638215686869
2017,Togo,0.144634282850281
2017,Tokelau,5.430497436423e-05
2017,Tonga,1.0935756429300002e-06
2017,Trinidad and Tobago,0.103486687847229
2017,Tunisia,0.11680597228339
2017,Turkey,1.1166341724193598
2017,Turkmenistan,0.0149341635476999
2017,Turks and Caicos Isl.,4.9001938573319996e-05
2017,Tuvalu,5.181404950503e-05
2017,Uganda,0.059693352978433
2017,Ukraine,2.7774202390651697
2017,United Arab Emirates,23.1154597083756
2017,United Kingdom,4.34408571945302
2017,United States,24.086156632527
2017,United States Minor Outlying I,0.0008629481672176501
2017,Unspecified,8.61998466065213
2017,Uruguay,0.0242510437056341
2017,Us Msc.Pac.I,0.0
2017,Uzbekistan,0.104431502731197
2017,Vanuatu,5.4919299015e-07
2017,Venezuela,5.8981122085764905
2017,Vietnam,4.141951313639749
2017,Wallis and Futura Isl.,1.0938568862969999e-05
2017,Yemen,0.07881843231639139
2017,Yemen Democratic,0.0
2017,"Yugoslavia,FR(Serbia/Montenegr",0.0
2017,Zambia,0.951828675287975
2017,Zimbabwe,0.07133134912133571
2018,Afghanistan,0.51317520055392
2018,Albania,0.0152213085818419
2018,Algeria,1.77781198712801
2018,American Samoa,1.77721115344e-06
2018,Andorra,3.941644880624e-05
2018,Angola,5.57633979043685
2018,Anguila,0.00030164297079471997
2018,Antarctica,8.295270405008e-05
2018,Antigua and Barbuda,9.980681563327999e-05
2018,Argentina,2.17732751640497
2018,Armenia,0.000880173744616
2018,Aruba,0.00061366233808288
2018,Australia,17.5068120340816
2018,Austria,0.954942050676848
2018,Azerbaijan,0.409092665791352
2018,"Bahamas, The",0.0070296122997576
2018,Bahrain,0.680394507791669
2018,Bangladesh,1.08015253049294
2018,Barbados,0.0015805544606134398
2018,Belarus,0.293815713215766
2018,Belgium,11.242178576484001
2018,Belgium-Luxembourg,0.0
2018,Belize,0.00090874618500672
2018,Benin,0.398445396527499
2018,Bermuda,1.732482993136e-05
2018,Bhutan,0.30597956185979797
2018,Bolivia,0.90566984674884
2018,Bosnia and Herzegovina,0.00507130624807248
2018,Botswana,1.3436096060031
2018,Brazil,5.61620319267337
2018,British Virgin Islands,0.016021565854925802
2018,Brunei,0.5912007071243729
2018,Bulgaria,0.15507400351988998
2018,Burkina Faso,0.7862612885085111
2018,Burundi,0.0150718381073982
2018,Cambodia,0.0599976070269322
2018,Cameroon,0.405963859340693
2018,Canada,4.32012448240907
2018,Cape Verde,0.00378054228434256
2018,Cayman Islands,0.00226623212653856
2018,Central African Republic,0.015335981746387001
2018,Chad,0.628040263738835
2018,Chile,2.2833477325335
2018,China,90.39834327413841
2018,Christmas Island,0.0
2018,Cocos (Keeling) Islands,4.38259841664e-06
2018,Colombia,1.15583769430274
2018,Comoros,0.053223092890943194
2018,"Congo, Dem. Rep.",0.0810326051869906
2018,"Congo, Rep.",0.457285352835893
2018,Cook Islands,1.961916623008e-05
2018,Costa Rica,0.0577023430152104
2018,Cote d'Ivoire,0.595346790309738
2018,Croatia,0.0499527642892883
2018,Cuba,0.00451751739960208
2018,Curaçao,0.00941605707774992
2018,Cyprus,0.0325827711229632
2018,Czech Republic,0.48297023589430804
2018,Czechoslovakia,0.0
2018,Denmark,0.676059696387884
2018,Djibouti,0.0151522643390749
2018,Dominica,0.00032876333929504
2018,Dominican Republic,0.638378559595552
2018,East Asia & Pacific,231.890876948975
2018,East Timor,4.545876838336e-05
2018,Ecuador,0.245289330746117
2018,"Egypt, Arab Rep.",2.03742883984182
2018,El Salvador,0.00562483045237552
2018,Equatorial Guinea,0.866668843899449
2018,Eritrea,7.140404736e-07
2018,Estonia,0.0948802066245089
2018,Eswatini,0.0114040785741974
2018,Ethiopia(excludes Eritrea),0.0770996317124669
2018,Ethiopia(includes Eritrea),0.0
2018,Europe & Central Asia,101.320275220092
2018,Faeroe Islands,4.001399100976e-05
2018,Falkland Island,0.0
2018,Fiji,0.0007780869580815999
2018,Finland,1.7231270069882199
2018,Fm Sudan,0.0
2018,Fr. So. Ant. Tr,0.0
2018,France,4.34138422667496
2018,French Polynesia,3.489801352336e-05
2018,Gabon,0.647032757014191
2018,"Gambia, The",0.047629501694703494
2018,Georgia,0.0252536338078786
2018,German Democratic Republic,0.0
2018,Germany,16.9248042373302
2018,Ghana,4.30228229241078
2018,Gibraltar,3.26110568096e-05
2018,Greece,0.175116195678138
2018,Greenland,0.0
2018,Grenada,0.00039776584219616
2018,Guam,2.4859721611199997e-06
2018,Guatemala,0.0202917382198093
2018,Guinea,0.509276073297885
2018,Guinea-Bissau,0.13194502593034
2018,Guyana,0.00812323189093472
2018,Haiti,0.0139621783466075
2018,Heard Island and McDonald Isla,0.0
2018,Holy See,9.560745260288e-05
2018,Honduras,0.015345507405075199
2018,"Hong Kong, China",18.722557478405502
2018,Hungary,0.31908480640825504
2018,Iceland,0.0115002321306715
2018,Indonesia,19.6602041403114
2018,"Iran, Islamic Rep.",18.0869435638315
2018,Iraq,28.444411947301802
2018,Ireland,0.586998970040656
2018,Israel,2.53613632870049
2018,Italy,6.42435353631243
2018,Jamaica,0.004839913542571839
2018,Japan,15.1813152096259
2018,Jordan,1.26734078338089
2018,Kazakhstan,0.889464817673926
2018,Kenya,0.15266300401882502
2018,Kiribati,0.00022612629240384002
2018,"Korea, Dem. Rep.",0.00584313746197952
2018,"Korea, Rep.",19.6724752776202
2018,Kuwait,9.58283119958053
2018,Kyrgyz Republic,0.00177144313274416
2018,Lao PDR,0.0181144930956099
2018,Latin America & Caribbean,31.9828263163201
2018,Latvia,0.131377753996782
2018,Lebanon,0.054740176139266204
2018,Lesotho,0.0398603115321562
2018,Liberia,0.264464973419506
2018,Libya,0.17948779969450498
2018,Lithuania,0.183237747255078
2018,Luxembourg,0.136668899816328
2018,Macao,0.00964892483977712
2018,Madagascar,0.20722249718944502
2018,Malawi,0.0224977558499062
2018,Malaysia,12.875450974559
2018,Maldives,0.0220547789075318
2018,Mali,0.0277473150247171
2018,Malta,0.0213090758871362
2018,Marshall Islands,0.00021066846829904
2018,Martinique,0.0
2018,Mauritania,0.018032136869119697
2018,Mauritius,0.0822393355708203
2018,Mexico,6.25738220370759
2018,"Micronesia, Fed. Sts.",0.0
2018,Middle East & North Africa,150.331792919074
2018,Moldova,0.00112485260529248
2018,Mongolia,0.000941483730236
2018,Montenegro,0.00010755155879136
2018,Montserrat,1.093812e-08
2018,Morocco,1.32302787943769
2018,Mozambique,1.19402636129232
2018,Myanmar,0.508980941498243
2018,Namibia,0.08023499143874831
2018,Nauru,0.00015914082258319998
2018,Nepal,0.484884553640126
2018,Netherlands,4.35427483099249
2018,Netherlands Antilles,0.0
2018,New Caledonia,0.00027495599977712
2018,New Zealand,0.750887574454588
2018,Nicaragua,0.00402841016119712
2018,Niger,0.00141379974395568
2018,Nigeria,13.590334156640399
2018,Niue,1.083813099904e-05
2018,Norfolk Island,0.00034585702487456
2018,North America,43.2246165992572
2018,North Macedonia,0.0475421743697723
2018,Northern Mariana Islands,2.1051651593599998e-05
2018,Norway,0.609827789603998
2018,Occ.Pal.Terr,0.00030155730343888
2018,Oman,4.74246894528292
2018,Pakistan,0.6396806745714361
2018,Palau,0.00318421517469712
2018,Panama,0.0469503038585714
2018,Papua New Guinea,0.15795556935841598
2018,Paraguay,0.0751371475468725
2018,Peru,3.1246838879607197
2018,Philippines,0.756703126415453
2018,Pitcairn,6.422858230336e-05
2018,Poland,0.969661999094508
2018,Portugal,0.17672590291203702
2018,Qatar,12.7817000386652
2018,Romania,0.426168502838339
2018,Russian Federation,8.50281209599432
2018,Rwanda,0.009082903133334399
2018,Saint Helena,7.04668692384e-05
2018,Saint Pierre and Miquelon,0.0
2018,Samoa,0.00266629878040048
2018,San Marino,0.00024092778555616
2018,Sao Tome and Principe,6.299379981280001e-06
2018,Saudi Arabia,34.342850305332696
2018,Senegal,0.865702242526732
2018,"Serbia, FR(Serbia/Montenegro)",0.0293668549138722
2018,Seychelles,0.0059635998963416
2018,Sierra Leone,0.0176390547444917
2018,Singapore,16.860968069984498
2018,Slovak Republic,0.08815430818792941
2018,Slovenia,0.25407522277953604
2018,Solomon Islands,0.0807591087845304
2018,Somalia,0.0126021517277304
2018,South Africa,8.2427911603094
2018,South Asia,4.56952112951398
2018,South Sudan,0.0549208923452128
2018,Soviet Union,0.0
2018,Spain,2.08046062253048
2018,Sri Lanka,1.5235938294882299
2018,St. Kitts and Nevis,2.4330754128e-06
2018,St. Lucia,0.0006080825113876801
2018,St. Vincent and the Grenadines,2.168838143504e-05
2018,Sub-Saharan Africa,44.3922731483571
2018,Sudan,0.856861101990856
2018,Suriname,0.113104704655474
2018,Sweden,1.65979477092117
2018,Switzerland,21.8489666153534
2018,Syrian Arab Republic,0.020032427990206898
2018,Tajikistan,0.0230081051506978
2018,Tanzania,1.30950943690564
2018,Thailand,9.42878998727892
2018,Togo,0.316739701583931
2018,Tokelau,1.733302622928e-05
2018,Tonga,4.608934370928e-05
2018,Trinidad and Tobago,0.256641240657014
2018,Tunisia,0.17265228045476
2018,Turkey,2.38889697698701
2018,Turkmenistan,0.038287682833294694
2018,Turks and Caicos Isl.,1.928025952e-06
2018,Tuvalu,2.0126140800000002e-07
2018,Uganda,0.0380196188408405
2018,Ukraine,2.85749591385931
2018,United Arab Emirates,32.1194630547239
2018,United Kingdom,8.550824597360899
2018,United States,38.9044747920182
2018,United States Minor Outlying I,0.00011109596178032
2018,Unspecified,3.8054730333506104
2018,Uruguay,0.042830644298046706
2018,Us Msc.Pac.I,0.0
2018,Uzbekistan,0.125512511192233
2018,Vanuatu,3.0833831072e-07
2018,Venezuela,8.89574736479608
2018,Vietnam,8.63543520694563
2018,Wallis and Futura Isl.,1.1553571551999999e-07
2018,Yemen,0.145609513569761
2018,Yemen Democratic,0.0
2018,"Yugoslavia,FR(Serbia/Montenegr",0.0
2018,Zambia,0.863045807451265
2018,Zimbabwe,0.0224383144306179
2019,Afghanistan,0.494771923853905
2019,Albania,0.0616574626787402
2019,Algeria,1.9886689087149898
2019,American Samoa,0.00248885785954925
2019,Andorra,3.444987707175e-05
2019,Angola,3.79956316519314
2019,Anguila,2.88755685575e-05
2019,Antarctica,7.573558475875e-05
2019,Antigua and Barbuda,0.00023264871294175
2019,Argentina,2.1676967603146498
2019,Armenia,0.00184865346618575
2019,Aruba,0.0003805048063705
2019,Australia,10.5693853684179
2019,Austria,0.658040649442831
2019,Azerbaijan,0.341506988078798
2019,"Bahamas, The",0.0465494999698453
2019,Bahrain,0.386132467360789
2019,Bangladesh,1.21379581112098
2019,Barbados,0.0016315220661495
2019,Belarus,0.20669733513822
2019,Belgium,9.35438795205395
2019,Belgium-Luxembourg,0.0
2019,Belize,0.00084529276703375
2019,Benin,0.333349400850665
2019,Bermuda,0.00758392710260325
2019,Bhutan,0.24928078937109302
2019,Bolivia,0.798151934972774
2019,Bosnia and Herzegovina,0.00220463736212475
2019,Botswana,0.782198179778484
2019,Brazil,3.0422737436040004
2019,British Virgin Islands,0.00857640800481675
2019,Brunei,0.5813687753362129
2019,Bulgaria,0.137681385215808
2019,Burkina Faso,0.683012570009719
2019,Burundi,0.002530532859078
2019,Cambodia,0.046587285944017
2019,Cameroon,0.427106274407129
2019,Canada,3.9006267396215897
2019,Cape Verde,0.002202805535077
2019,Cayman Islands,0.0008472010344665
2019,Central African Republic,0.0007515148360125
2019,Chad,0.254614879229925
2019,Chile,1.13951104669718
2019,China,68.4020925624841
2019,Christmas Island,1.5154760990250001e-05
2019,Cocos (Keeling) Islands,0.0
2019,Colombia,0.720201529571792
2019,Comoros,0.018855315672823
2019,"Congo, Dem. Rep.",0.028980389637709998
2019,"Congo, Rep.",0.6418291508392
2019,Cook Islands,0.0
2019,Costa Rica,0.0514217396510335
2019,Cote d'Ivoire,0.505657359364834
2019,Croatia,0.0565662899345827
2019,Cuba,0.00261143194921875
2019,Curaçao,0.0255772189983555
2019,Cyprus,0.398154996123885
2019,Czech Republic,0.266552584939436
2019,Czechoslovakia,0.0
2019,Denmark,0.620170546674131
2019,Djibouti,0.0211813110120832
2019,Dominica,0.00026589742455850003
2019,Dominican Republic,0.459997953189675
2019,East Asia & Pacific,182.946906401978
2019,East Timor,0.0
2019,Ecuador,0.310321344298831
2019,"Egypt, Arab Rep.",2.0011305285683
2019,El Salvador,0.0032996240960025004
2019,Equatorial Guinea,0.9626075977614831
2019,Eritrea,6.182009575e-08
2019,Estonia,0.0822014102512558
2019,Eswatini,0.0076810380617425
2019,Ethiopia(excludes Eritrea),0.10122838204395901
2019,Ethiopia(includes Eritrea),0.0
2019,Europe & Central Asia,80.8763626507615
2019,Faeroe Islands,0.0
2019,Falkland Island,3.1579654281e-05
2019,Fiji,0.00071271683660975
2019,Finland,0.7148255999261479
2019,Fm Sudan,0.0
2019,Fr. So. Ant. Tr,0.0
2019,France,3.82838893359285
2019,French Polynesia,6.260827000225e-05
2019,Gabon,0.15066149578180602
2019,"Gambia, The",0.040924062400182495
2019,Georgia,0.0131385834616575
2019,German Democratic Republic,0.0
2019,Germany,12.2725426236309
2019,Ghana,2.49417283188092
2019,Gibraltar,0.0009965052469435
2019,Greece,0.121557933063023
2019,Greenland,0.0
2019,Grenada,0.0005966207285709999
2019,Guam,1.706865489e-06
2019,Guatemala,0.0212752944086077
2019,Guinea,0.39440691785721105
2019,Guinea-Bissau,0.12304986586446601
2019,Guyana,0.00649025528543
2019,Haiti,0.0159569132478087
2019,Heard Island and McDonald Isla,0.0
2019,Holy See,1.78493982275e-05
2019,Honduras,0.023715442110473703
2019,"Hong Kong, China",17.385603036919502
2019,Hungary,0.19157032546033
2019,Iceland,0.01008013275864
2019,Indonesia,15.5638910776047
2019,"Iran, Islamic Rep.",3.3754197750376997
2019,Iraq,22.0850155543054
2019,Ireland,0.544118190402456
2019,Israel,1.6741849833026
2019,Italy,4.707485184035001
2019,Jamaica,0.00402094047592475
2019,Japan,12.7444715223584
2019,Jordan,1.09543630009973
2019,Kazakhstan,1.59736619331929
2019,Kenya,0.0957417836428603
2019,Kiribati,0.0
2019,"Korea, Dem. Rep.",0.00290305315465375
2019,"Korea, Rep.",16.1112844253972
2019,Kuwait,9.137051406399001
2019,Kyrgyz Republic,0.00204338065825075
2019,Lao PDR,0.002621622404492
2019,Latin America & Caribbean,21.4379609604862
2019,Latvia,0.19025256979118899
2019,Lebanon,0.030972524903397
2019,Lesotho,4.778764442725e-05
2019,Liberia,0.007757948100446249
2019,Libya,0.0811588606837435
2019,Lithuania,0.282309326209073
2019,Luxembourg,0.0653611320654618
2019,Macao,0.00428582283468675
2019,Madagascar,0.272452764086202
2019,Malawi,0.0364520279317775
2019,Malaysia,10.4075708032962
2019,Maldives,0.005890037823621
2019,Mali,0.0357428564939985
2019,Malta,0.0413774044646025
2019,Marshall Islands,0.0034686241824605
2019,Martinique,0.0
2019,Mauritania,0.0114322255481805
2019,Mauritius,0.0266863474307902
2019,Mexico,4.87562929046502
2019,"Micronesia, Fed. Sts.",0.0
2019,Middle East & North Africa,113.32908823207401
2019,Moldova,0.00043649853925125
2019,Mongolia,0.00124981457404125
2019,Montenegro,0.00013434481492425
2019,Montserrat,5.454773086175e-05
2019,Morocco,1.1027619495343801
2019,Mozambique,0.85668003597394
2019,Myanmar,0.506730442063765
2019,Namibia,0.022712352859938
2019,Nauru,6.8088832483e-05
2019,Nepal,0.649433269527418
2019,Netherlands,3.7487806476054804
2019,Netherlands Antilles,0.0
2019,New Caledonia,0.00018087014158849998
2019,New Zealand,0.5582370829705919
2019,Nicaragua,0.00404503826467125
2019,Niger,0.000800877166579
2019,Nigeria,10.613135088253399
2019,Niue,0.0
2019,Norfolk Island,0.0003906987710815
2019,North America,38.8261824307258
2019,North Macedonia,0.022690523063097802
2019,Northern Mariana Islands,4.0367059075e-07
2019,Norway,0.6243490758663179
2019,Occ.Pal.Terr,0.00154349833429575
2019,Oman,3.29492147185233
2019,Pakistan,0.06731284922183149
2019,Palau,1.99199665e-06
2019,Panama,0.0774199736913698
2019,Papua New Guinea,0.07547986971917879
2019,Paraguay,0.023166024101094
2019,Peru,1.75765067449918
2019,Philippines,0.556912778676401
2019,Pitcairn,1.8949656691e-05
2019,Poland,0.880506438677324
2019,Portugal,0.140887513329302
2019,Qatar,9.525660997181959
2019,Romania,0.290858504926843
2019,Russian Federation,6.22618946467923
2019,Rwanda,0.0042121391769765
2019,Saint Helena,2.174821306875e-05
2019,Saint Pierre and Miquelon,0.0
2019,Samoa,0.0030234232179585
2019,San Marino,0.00025720878131025
2019,Sao Tome and Principe,0.0
2019,Saudi Arabia,27.0001247848178
2019,Senegal,0.48423939214606404
2019,"Serbia, FR(Serbia/Montenegro)",0.0121637534257943
2019,Seychelles,0.00484648881938725
2019,Sierra Leone,0.0205013927981468
2019,Singapore,14.8938918553071
2019,Slovak Republic,0.060157679236634
2019,Slovenia,0.242557869970978
2019,Solomon Islands,0.041740345827985005
2019,Somalia,0.0217856707044725
2019,South Africa,6.63451575007065
2019,South Asia,3.67451107001069
2019,South Sudan,0.0468717450263755
2019,Soviet Union,0.0
2019,Spain,1.65249413274691
2019,Sri Lanka,0.99402638909184
2019,St. Kitts and Nevis,0.0
2019,St. Lucia,0.000675642013767
2019,St. Vincent and the Grenadines,0.0
2019,Sub-Saharan Africa,32.9644085807596
2019,Sudan,0.467114275119805
2019,Suriname,0.0668173100899447
2019,Sweden,1.1735647700102199
2019,Switzerland,17.722676082848103
2019,Syrian Arab Republic,0.015750436870195998
2019,Tajikistan,0.00029626531403
2019,Tanzania,0.859480339256028
2019,Thailand,7.03431019608056
2019,Togo,0.361809069023603
2019,Tokelau,4.659162235875e-05
2019,Tonga,0.0
2019,Trinidad and Tobago,0.0788401491896375
2019,Tunisia,0.140236486796079
2019,Turkey,2.28233808371779
2019,Turkmenistan,0.00369279812894125
2019,Turks and Caicos Isl.,4.6455010034999995e-06
2019,Tuvalu,0.0
2019,Uganda,0.0331259611742815
2019,Ukraine,2.09174838291496
2019,United Arab Emirates,30.3088788329103
2019,United Kingdom,6.87849292856668
2019,United States,34.9179717640016
2019,United States Minor Outlying I,0.00041369404225275
2019,Unspecified,0.129258353408461
2019,Uruguay,0.0477474304620687
2019,Us Msc.Pac.I,0.0
2019,Uzbekistan,0.0923442339861212
2019,Vanuatu,0.000254123701363
2019,Venezuela,5.68766964082508
2019,Vietnam,7.44609333386357
2019,Wallis and Futura Isl.,0.0
2019,Yemen,0.0230232472581248
2019,Yemen Democratic,0.0
2019,"Yugoslavia,FR(Serbia/Montenegr",0.0
2019,Zambia,0.745907677498545
2019,Zimbabwe,0.012087068246855001
2020,Afghanistan,0.50949
2020,Albania,0.0083
2020,Algeria,0.40879
2020,American Samoa,0.00096
2020,Andorra,1e-05
2020,Angola,1.87974
2020,Anguila,0.00018
2020,Antarctica,0.00067
2020,Antigua and Barbuda,0.00014
2020,Argentina,2.62705
2020,Armenia,0.09646
2020,Aruba,0.00081
2020,Australia,8.2473
2020,Austria,0.6231
2020,Azerbaijan,0.22907
2020,"Bahamas, The",0.03584
2020,Bahrain,0.54749
2020,Bangladesh,1.09166
2020,Barbados,0.00061
2020,Belarus,0.28765
2020,Belgium,6.94068
2020,Belgium-Luxembourg,0.0
2020,Belize,0.0005
2020,Benin,0.32597
2020,Bermuda,4e-05
2020,Bhutan,0.0433
2020,Bolivia,1.15914
2020,Bosnia and Herzegovina,0.00192
2020,Botswana,0.46172
2020,Brazil,3.01599
2020,British Virgin Islands,0.01103
2020,Brunei,0.32925
2020,Bulgaria,0.12538
2020,Burkina Faso,0.35994
2020,Burundi,7e-05
2020,Cambodia,0.03935
2020,Cameroon,0.20247
2020,Canada,2.68643
2020,Cape Verde,0.00204
2020,Cayman Islands,0.08645
2020,Central African Republic,0.0
2020,Chad,0.05
2020,Chile,0.0676
2020,China,65.21225
2020,Christmas Island,0.0
2020,Cocos (Keeling) Islands,0.0
2020,Colombia,1.40361
2020,Comoros,0.01248
2020,"Congo, Dem. Rep.",0.01016
2020,"Congo, Rep.",0.24594
2020,Cook Islands,3e-05
2020,Costa Rica,0.04725
2020,Cote d'Ivoire,0.31751
2020,Croatia,0.04281
2020,Cuba,0.06944
2020,Curaçao,0.0
2020,Cyprus,0.02398
2020,Czech Republic,0.39312
2020,Czechoslovakia,0.0
2020,Denmark,0.58913
2020,Djibouti,0.02016
2020,Dominica,0.00025
2020,Dominican Republic,0.25694
2020,East Asia & Pacific,0.0
2020,East Timor,0.0
2020,Ecuador,0.33325
2020,"Egypt, Arab Rep.",1.8924
2020,El Salvador,0.00382
2020,Equatorial Guinea,0.28679
2020,Eritrea,0.0
2020,Estonia,0.05996
2020,Eswatini,0.0
2020,Ethiopia(excludes Eritrea),0.03264
2020,Ethiopia(includes Eritrea),0.0
2020,Europe & Central Asia,0.0
2020,Faeroe Islands,0.0
2020,Falkland Island,0.0
2020,Fiji,0.00133
2020,Finland,0.7132
2020,Fm Sudan,0.0
2020,Fr. So. Ant. Tr,0.0
2020,France,0.00129
2020,French Polynesia,7e-05
2020,Gabon,0.40546
2020,"Gambia, The",0.03841
2020,Georgia,0.0869
2020,German Democratic Republic,0.0
2020,Germany,13.64302
2020,Ghana,1.37496
2020,Gibraltar,0.00046
2020,Greece,0.14302
2020,Greenland,2e-05
2020,Grenada,0.00046
2020,Guam,3e-05
2020,Guatemala,0.02075
2020,Guinea,1.63102
2020,Guinea-Bissau,0.12699
2020,Guyana,0.01128
2020,Haiti,0.01347
2020,Heard Island and McDonald Isla,0.0
2020,Holy See,0.0
2020,Honduras,0.01256
2020,"Hong Kong, China",15.17282
2020,Hungary,0.21892
2020,Iceland,0.00622
2020,Indonesia,12.47017
2020,"Iran, Islamic Rep.",0.33148
2020,Iraq,14.2871
2020,Ireland,0.41446
2020,Israel,1.96019
2020,Italy,3.86205
2020,Jamaica,0.00023
2020,Japan,10.92474
2020,Jordan,1.06553
2020,Kazakhstan,0.80497
2020,Kenya,0.13027
2020,Kiribati,0.0
2020,"Korea, Dem. Rep.",0.00141
2020,"Korea, Rep.",12.77297
2020,Kuwait,5.21415
2020,Kyrgyz Republic,0.00516
2020,Lao PDR,0.0017
2020,Latin America & Caribbean,0.0
2020,Latvia,0.04888
2020,Lebanon,0.02795
2020,Lesotho,0.00017
2020,Liberia,0.00695
2020,Libya,0.07052
2020,Lithuania,0.32105
2020,Luxembourg,0.03049
2020,Macao,0.02452
2020,Madagascar,0.08014
2020,Malawi,0.00707
2020,Malaysia,8.37305
2020,Maldives,0.02449
2020,Mali,0.01397
2020,Malta,0.02371
2020,Marshall Islands,0.00166
2020,Martinique,0.00082
2020,Mauritania,0.00549
2020,Mauritius,0.04261
2020,Mexico,2.84591
2020,"Micronesia, Fed. Sts.",0.0
2020,Middle East & North Africa,0.0
2020,Moldova,0.001
2020,Mongolia,0.00042
2020,Montenegro,0.0004
2020,Montserrat,0.0
2020,Morocco,1.43682
2020,Mozambique,0.6316
2020,Myanmar,0.52679
2020,Namibia,0.03023
2020,Nauru,5e-05
2020,Nepal,0.67316
2020,Netherlands,3.31772
2020,Netherlands Antilles,0.00407
2020,New Caledonia,0.00181
2020,New Zealand,0.38153
2020,Nicaragua,0.00618
2020,Niger,0.00412
2020,Nigeria,5.67238
2020,Niue,0.0
2020,Norfolk Island,0.00024
2020,North America,0.0
2020,North Macedonia,0.0
2020,Northern Mariana Islands,0.0
2020,Norway,0.67366
2020,Occ.Pal.Terr,0.0
2020,Oman,3.08793
2020,Pakistan,0.00239
2020,Palau,0.0
2020,Panama,0.03295
2020,Papua New Guinea,0.12585
2020,Paraguay,0.01561
2020,Peru,1.52088
2020,Philippines,0.57247
2020,Pitcairn,1e-05
2020,Poland,0.70635
2020,Portugal,0.11396
2020,Qatar,7.93015
2020,Romania,0.19397
2020,Russian Federation,5.48575
2020,Rwanda,0.00667
2020,Saint Helena,0.0
2020,Saint Pierre and Miquelon,0.0
2020,Samoa,0.00045
2020,San Marino,8e-05
2020,Sao Tome and Principe,8e-05
2020,Saudi Arabia,16.18676
2020,Senegal,0.40113
2020,"Serbia, FR(Serbia/Montenegro)",0.00731
2020,Seychelles,0.00364
2020,Sierra Leone,0.00871
2020,Singapore,13.30492
2020,Slovak Republic,0.03558
2020,Slovenia,0.27178
2020,Solomon Islands,0.03386
2020,Somalia,0.00567
2020,South Africa,7.5682
2020,South Asia,0.0
2020,South Sudan,0.00158
2020,Soviet Union,0.0
2020,Spain,1.51192
2020,Sri Lanka,0.64294
2020,St. Kitts and Nevis,0.0
2020,St. Lucia,0.00039
2020,St. Vincent and the Grenadines,0.01217
2020,Sub-Saharan Africa,0.00015
2020,Sudan,0.36828
2020,Suriname,0.03414
2020,Sweden,0.05087
2020,Switzerland,18.23095
2020,Syrian Arab Republic,0.01531
2020,Tajikistan,0.00106
2020,Tanzania,0.93488
2020,Thailand,5.68227
2020,Togo,0.30023
2020,Tokelau,2e-05
2020,Tonga,0.0
2020,Trinidad and Tobago,0.18936
2020,Tunisia,0.12336
2020,Turkey,1.46733
2020,Turkmenistan,0.0003
2020,Turks and Caicos Isl.,5e-05
2020,Tuvalu,0.0
2020,Uganda,0.03859
2020,Ukraine,2.13986
2020,United Arab Emirates,26.62299
2020,United Kingdom,4.95576
2020,United States,28.8881
2020,United States Minor Outlying I,0.0
2020,Unspecified,0.05644
2020,Uruguay,0.16359
2020,Us Msc.Pac.I,0.00029
2020,Uzbekistan,0.01494
2020,Vanuatu,0.0
2020,Venezuela,0.71424
2020,Vietnam,6.12066
2020,Wallis and Futura Isl.,0.0
2020,Yemen,0.02339
2020,Yemen Democratic,0.0
2020,"Yugoslavia,FR(Serbia/Montenegr",0.0
2020,Zambia,0.1265
2020,Zimbabwe,0.00571
2021,Afghanistan,0.44417
2021,Albania,0.02739
2021,Algeria,0.70812
2021,American Samoa,0.0
2021,Andorra,0.0
2021,Angola,1.99299
2021,Anguila,3e-05
2021,Antarctica,0.00064
2021,Antigua and Barbuda,0.00013
2021,Argentina,3.68728
2021,Armenia,0.11542
2021,Aruba,0.00164
2021,Australia,13.50062
2021,Austria,0.66924
2021,Azerbaijan,0.01064
2021,"Bahamas, The",0.00318
2021,Bahrain,0.6209
2021,Bangladesh,1.6318
2021,Barbados,0.00068
2021,Belarus,0.29732
2021,Belgium,7.99464
2021,Belgium-Luxembourg,0.0
2021,Belize,0.0005
2021,Benin,0.34818
2021,Bermuda,1e-05
2021,Bhutan,0.48138
2021,Bolivia,1.74273
2021,Bosnia and Herzegovina,0.00243
2021,Botswana,0.46189
2021,Brazil,4.68846
2021,British Virgin Islands,0.01462
2021,Brunei,0.37821
2021,Bulgaria,0.13701
2021,Burkina Faso,0.38523
2021,Burundi,4e-05
2021,Cambodia,0.06906
2021,Cameroon,0.36616
2021,Canada,2.56385
2021,Cape Verde,0.00372
2021,Cayman Islands,9e-05
2021,Central African Republic,0.0
2021,Chad,0.00294
2021,Chile,1.249
2021,China,76.62213
2021,Christmas Island,3e-05
2021,Cocos (Keeling) Islands,0.0
2021,Colombia,2.44102
2021,Comoros,0.01294
2021,"Congo, Dem. Rep.",0.01904
2021,"Congo, Rep.",0.76177
2021,Cook Islands,0.0
2021,Costa Rica,0.05339
2021,Cote d'Ivoire,0.30767
2021,Croatia,0.05312
2021,Cuba,0.001
2021,Curaçao,0.0
2021,Cyprus,0.06914
2021,Czech Republic,0.50824
2021,Czechoslovakia,0.0
2021,Denmark,0.64781
2021,Djibouti,0.03457
2021,Dominica,0.00019
2021,Dominican Republic,0.53825
2021,East Asia & Pacific,0.0
2021,East Timor,0.0
2021,Ecuador,0.8879
2021,"Egypt, Arab Rep.",2.86282
2021,El Salvador,0.00369
2021,Equatorial Guinea,0.81772
2021,Eritrea,0.00012
2021,Estonia,0.05947
2021,Eswatini,0.0
2021,Ethiopia(excludes Eritrea),0.05476
2021,Ethiopia(includes Eritrea),0.0
2021,Europe & Central Asia,0.0
2021,Faeroe Islands,0.0
2021,Falkland Island,0.0
2021,Fiji,0.00049
2021,Finland,0.63707
2021,Fm Sudan,0.0
2021,Fr. So. Ant. Tr,0.0
2021,France,0.00031
2021,French Polynesia,0.00089
2021,Gabon,0.99662
2021,"Gambia, The",0.04014
2021,Georgia,0.06815
2021,German Democratic Republic,0.0
2021,Germany,12.44643
2021,Ghana,1.23552
2021,Gibraltar,0.00025
2021,Greece,0.26413
2021,Greenland,0.0
2021,Grenada,0.00072
2021,Guam,9e-05
2021,Guatemala,0.01791
2021,Guinea,3.06903
2021,Guinea-Bissau,0.1495
2021,Guyana,0.15649
2021,Haiti,0.01881
2021,Heard Island and McDonald Isla,0.0
2021,Holy See,0.0
2021,Honduras,0.01823
2021,"Hong Kong, China",15.70204
2021,Hungary,0.23484
2021,Iceland,0.00559
2021,Indonesia,14.10753
2021,"Iran, Islamic Rep.",0.32605
2021,Iraq,24.24967
2021,Ireland,1.00824
2021,Israel,2.37099
2021,Italy,4.10125
2021,Jamaica,0.00148
2021,Japan,12.04508
2021,Jordan,1.51951
2021,Kazakhstan,0.30158
2021,Kenya,0.12465
2021,Kiribati,4e-05
2021,"Korea, Dem. Rep.",0.00533
2021,"Korea, Rep.",14.39512
2021,Kuwait,8.52364
2021,Kyrgyz Republic,0.00145
2021,Lao PDR,0.00071
2021,Latin America & Caribbean,0.0
2021,Latvia,0.09595
2021,Lebanon,0.02556
2021,Lesotho,0.0
2021,Liberia,0.01234
2021,Libya,0.32977
2021,Lithuania,0.16253
2021,Luxembourg,0.05447
2021,Macao,0.01936
2021,Madagascar,0.09726
2021,Malawi,0.10015
2021,Malaysia,10.20139
2021,Maldives,0.0436
2021,Mali,0.01633
2021,Malta,0.0203
2021,Marshall Islands,0.00106
2021,Martinique,0.00048
2021,Mauritania,0.00935
2021,Mauritius,0.0604
2021,Mexico,3.54053
2021,"Micronesia, Fed. Sts.",0.0
2021,Middle East & North Africa,0.0
2021,Moldova,6e-05
2021,Mongolia,0.00054
2021,Montenegro,0.00035
2021,Montserrat,0.0
2021,Morocco,1.82809
2021,Mozambique,1.513
2021,Myanmar,0.76941
2021,Namibia,0.04219
2021,Nauru,0.017
2021,Nepal,1.2038
2021,Netherlands,3.59243
2021,Netherlands Antilles,0.01536
2021,New Caledonia,0.00548
2021,New Zealand,0.32292
2021,Nicaragua,0.00737
2021,Niger,0.00464
2021,Nigeria,8.12446
2021,Niue,0.0
2021,Norfolk Island,0.00035
2021,North America,0.0
2021,North Macedonia,0.0
2021,Northern Mariana Islands,0.0
2021,Norway,1.88107
2021,Occ.Pal.Terr,0.0
2021,Oman,5.33526
2021,Pakistan,0.00217
2021,Palau,0.0
2021,Panama,0.02888
2021,Papua New Guinea,0.30162
2021,Paraguay,0.01334
2021,Peru,2.35875
2021,Philippines,0.62186
2021,Pitcairn,0.0
2021,Poland,0.87435
2021,Portugal,0.13924
2021,Qatar,10.4853
2021,Romania,0.21874
2021,Russian Federation,7.89628
2021,Rwanda,0.00682
2021,Saint Helena,0.0
2021,Saint Pierre and Miquelon,0.0
2021,Samoa,0.00034
2021,San Marino,6e-05
2021,Sao Tome and Principe,0.0
2021,Saudi Arabia,26.12613
2021,Senegal,0.55709
2021,"Serbia, FR(Serbia/Montenegro)",0.00904
2021,Seychelles,0.00305
2021,Sierra Leone,0.00129
2021,Singapore,14.92707
2021,Slovak Republic,0.08472
2021,Slovenia,0.24361
2021,Solomon Islands,0.0128
2021,Somalia,0.01598
2021,South Africa,9.1581
2021,South Asia,0.0
2021,South Sudan,0.00092
2021,Soviet Union,0.0
2021,Spain,1.71559
2021,Sri Lanka,0.85274
2021,St. Kitts and Nevis,0.00101
2021,St. Lucia,0.00014
2021,St. Vincent and the Grenadines,0.0
2021,Sub-Saharan Africa,0.00025
2021,Sudan,0.10689
2021,Suriname,0.02803
2021,Sweden,0.2347
2021,Switzerland,20.32002
2021,Syrian Arab Republic,0.01384
2021,Tajikistan,0.00934
2021,Tanzania,1.76719
2021,Thailand,7.51413
2021,Togo,0.25607
2021,Tokelau,0.00041
2021,Tonga,0.0
2021,Trinidad and Tobago,0.11168
2021,Tunisia,0.23531
2021,Turkey,1.701
2021,Turkmenistan,0.00382
2021,Turks and Caicos Isl.,1e-05
2021,Tuvalu,0.0
2021,Uganda,0.07101
2021,Ukraine,2.44493
2021,United Arab Emirates,35.86172
2021,United Kingdom,5.91546
2021,United States,34.34137
2021,United States Minor Outlying I,0.0
2021,Unspecified,0.03632
2021,Uruguay,0.13348
2021,Us Msc.Pac.I,0.00013
2021,Uzbekistan,0.02072
2021,Vanuatu,0.0
2021,Venezuela,0.06698
2021,Vietnam,5.76122
2021,Wallis and Futura Isl.,0.0
2021,Yemen,0.15164
2021,Yemen Democratic,0.0
2021,"Yugoslavia,FR(Serbia/Montenegr",0.0
2021,Zambia,0.10842
2021,Zimbabwe,0.00403
